rollout/ep_rew_mean,rollout/ep_len_mean,time/fps,time/total_timesteps,time/iterations,time/time_elapsed,train/loss,train/explained_variance,train/policy_gradient_loss,train/n_updates,train/clip_range,train/value_loss,train/approx_kl,train/clip_fraction,train/entropy_loss,train/learning_rate
-283.20755356521744,85.78260869565217,485,2048,1,4,,,,,,,,,,
-261.94003874468086,86.36170212765957,382,4096,2,10,1404.365478515625,0.0022800564765930176,-0.008318271150346845,10,0.2,3585.7678611755373,0.0063920487,0.03349609375,-1.382440386340022,0.0003
-253.20558419999995,87.02857142857142,369,6144,3,16,1243.7978515625,-0.0013507604598999023,-0.006722980391350575,20,0.2,2406.1064937591555,0.0073391413,0.029443359375,-1.3778374701738358,0.0003
-249.07286087234044,86.40425531914893,368,8192,4,22,842.9790649414062,-0.008276581764221191,-0.004839796910528093,30,0.2,2211.2860118865965,0.009777602,0.016748046875,-1.3737795073539019,0.0003
-228.89023491,86.97,369,10240,5,27,743.6266479492188,-0.0049217939376831055,-0.00708417464629747,40,0.2,1809.5811542510987,0.0061136186,0.037255859375,-1.359969249740243,0.0003
-217.52217789,88.37,372,12288,6,33,363.8280944824219,-0.013418197631835938,-0.005346901356824673,50,0.2,911.2440538406372,0.005216958,0.0208984375,-1.3537093747407198,0.0003
-195.35740100000004,89.65,377,14336,7,37,505.1925354003906,-0.0014716386795043945,-0.00831725943571655,60,0.2,877.6111536026001,0.009362202,0.05498046875,-1.3317124251276256,0.0003
-172.95955456,89.94,380,16384,8,43,402.7216796875,-0.001227736473083496,-0.004173700243700296,70,0.2,792.5203734397888,0.0080471765,0.07080078125,-1.3087542790919542,0.0003
-167.36709921000002,90.39,384,18432,9,47,342.41827392578125,2.866983413696289e-05,-0.009870521712582559,80,0.2,434.24828972816465,0.010185594,0.116015625,-1.3153300654143094,0.0003
-159.48988924999998,91.69,387,20480,10,52,463.62750244140625,-0.009624361991882324,-0.004028503705922048,90,0.2,903.819831943512,0.0062813787,0.01826171875,-1.3221319623291492,0.0003
-145.31193266,91.24,387,22528,11,58,511.6357421875,-0.0009348392486572266,-0.011466451540763955,100,0.2,690.9233995437622,0.008933696,0.099169921875,-1.3154189180582763,0.0003
-145.95705403,93.19,383,24576,12,64,261.1691589355469,2.6345252990722656e-05,-0.007704203161119949,110,0.2,503.25142707824705,0.008729425,0.116748046875,-1.3091429460793733,0.0003
-149.54959458000002,96.49,372,26624,13,71,292.5777587890625,7.706880569458008e-05,-0.008075517060933634,120,0.2,533.9478349685669,0.009751255,0.075732421875,-1.2772454902529717,0.0003
-140.10886120000004,97.24,366,28672,14,78,332.3726501464844,-4.4345855712890625e-05,-0.003882325580343604,130,0.2,516.869310760498,0.009238363,0.060888671875,-1.2520650271326303,0.0003
-134.89711756,102.04,360,30720,15,85,134.51345825195312,-0.014330267906188965,-0.00717078547750134,140,0.2,421.98937463760376,0.009175523,0.09990234375,-1.2158656124025584,0.0003
-140.99949901,105.71,355,32768,16,92,116.08316802978516,5.239248275756836e-05,-0.00432446151971817,150,0.2,349.9424373626709,0.010251351,0.039794921875,-1.2319390323013066,0.0003
-133.12383085999997,109.95,354,34816,17,98,132.4866943359375,0.00011140108108520508,-0.005775846714095678,160,0.2,413.83056659698485,0.007839238,0.05859375,-1.1604568246752023,0.0003
-116.47285643,112.63,354,36864,18,104,247.7467803955078,0.004376828670501709,-0.0032544813904678447,170,0.2,520.0877366065979,0.0023678718,0.008349609375,-1.1501477465033532,0.0003
-104.50843506999998,117.21,356,38912,19,109,203.32003784179688,-0.001978278160095215,-0.004977346223313361,180,0.2,429.74554190635683,0.0074515343,0.0603515625,-1.1226644866168498,0.0003
-98.01501667999999,121.76,358,40960,20,114,156.54505920410156,0.012064456939697266,-0.002388972976768855,190,0.2,538.4056977748871,0.0035528606,0.002099609375,-1.092002958059311,0.0003
-96.04993885,124.75,360,43008,21,119,247.88897705078125,-0.001337885856628418,-0.003477689757710323,200,0.2,388.2095998764038,0.0034694583,0.05302734375,-1.0897667337208987,0.0003
-89.18049383000002,128.16,362,45056,22,124,245.1663360595703,-0.08595585823059082,-0.003612200687348377,210,0.2,542.6490315914155,0.0057358053,0.04150390625,-1.077264642342925,0.0003
-84.17799493000001,130.17,363,47104,23,129,189.31051635742188,-0.0001933574676513672,-0.00737940781400539,220,0.2,338.08967809677125,0.008265271,0.05185546875,-1.074723469465971,0.0003
-81.07202249,132.97,364,49152,24,134,272.3999328613281,-5.805492401123047e-05,-0.006086789310211315,230,0.2,431.5808152198791,0.009097189,0.080126953125,-1.0665287632495164,0.0003
-76.99155493,135.85,365,51200,25,140,154.30126953125,-0.0001252889633178711,-0.004044300006353296,240,0.2,399.94164662361146,0.005671194,0.0638671875,-1.0074315082281828,0.0003
-74.86370488,147.42,366,53248,26,145,244.5576171875,5.370378494262695e-05,-0.005216379421472084,250,0.2,520.3297697544098,0.014490325,0.083447265625,-1.021679686754942,0.0003
-69.2988867,151.2,367,55296,27,150,93.0948257446289,-0.0010809898376464844,-0.004482452230877243,260,0.2,262.432177901268,0.006775803,0.046875,-1.0457454727962614,0.0003
-67.83323979,155.19,368,57344,28,155,127.58473205566406,-2.193450927734375e-05,-0.004930508905090392,270,0.2,499.5084872722626,0.015406829,0.096826171875,-0.9634853973984718,0.0003
-64.43701769999998,166.16,369,59392,29,160,291.7414245605469,-8.33272933959961e-05,-0.006760246158228256,280,0.2,491.2866325855255,0.009230356,0.10771484375,-0.9202915854752064,0.0003
-58.91577819000001,171.85,371,61440,30,165,96.11280822753906,8.749961853027344e-05,-0.004331179065047763,290,0.2,278.5318275928497,0.008510038,0.053759765625,-1.0270093999803067,0.0003
-56.99732922000001,183.39,372,63488,31,170,153.27101135253906,0.00043392181396484375,-0.0072104532417142765,300,0.2,251.16369960308074,0.007415625,0.07265625,-0.9078374590724707,0.0003
-57.27251338999999,197.77,374,65536,32,175,239.4932861328125,0.002857983112335205,-0.0031899476947728545,310,0.2,454.5766975879669,0.004985418,0.0072265625,-0.8548407090827823,0.0003
-52.89463773000001,203.79,374,67584,33,180,182.1796875,0.2256242036819458,-0.0015408085862873122,320,0.2,347.7707926273346,0.0022329711,0.00400390625,-0.9380311289802193,0.0003
-49.56879434999998,222.24,373,69632,34,186,149.9886932373047,0.005961954593658447,-0.004559109621914104,330,0.2,355.8173276901245,0.0065365126,0.017822265625,-0.9110833154991269,0.0003
-48.13703597,234.78,372,71680,35,192,72.55177307128906,0.010233104228973389,-0.003404680156381801,340,0.2,199.93092348575593,0.00427113,0.017041015625,-0.9752845307812095,0.0003
-46.51140034,250.56,371,73728,36,198,135.31849670410156,0.09710383415222168,-0.0054558900053962136,350,0.2,357.79424476623535,0.007273406,0.030029296875,-0.8866706917062401,0.0003
-49.525017850000005,263.97,371,75776,37,203,136.52053833007812,0.09747046232223511,-0.00893737623191555,360,0.2,372.3761461734772,0.0080515165,0.072265625,-0.9417572578415274,0.0003
-46.742286969999995,279.1,372,77824,38,208,132.14402770996094,-0.032298922538757324,-0.0047158110537566245,370,0.2,341.99011063575745,0.0040632803,0.03046875,-0.9130365777760744,0.0003
-45.50472870000001,288.25,372,79872,39,214,64.4466781616211,0.10660475492477417,-0.008369540667627007,380,0.2,183.6452290534973,0.008471194,0.06337890625,-0.8740307793021203,0.0003
-43.59891596000001,305.85,371,81920,40,220,97.28336334228516,0.030910611152648926,-0.007453902033739723,390,0.2,230.45897653102875,0.013343641,0.0890625,-0.9580472659319639,0.0003
-43.5228521,304.08,371,83968,41,225,78.7528305053711,0.20990192890167236,-0.006651385151781142,400,0.2,212.2382180929184,0.008244305,0.05009765625,-1.0399931447580457,0.0003
-42.48803569999999,319.4,372,86016,42,230,205.21401977539062,0.096504807472229,-0.005849656302598305,410,0.2,333.3298980474472,0.0077278684,0.039990234375,-0.8074197921901941,0.0003
-48.60623055,328.59,373,88064,43,236,76.1612548828125,-0.24577319622039795,-0.0035792740338365546,420,0.2,201.0897775888443,0.006121944,0.04619140625,-0.9802601240575314,0.0003
-44.93080526999999,339.33,374,90112,44,240,247.42042541503906,0.038630008697509766,-0.002844773416290991,430,0.2,473.1655795097351,0.0029976997,0.010498046875,-0.8827561691403389,0.0003
-44.435551239999995,347.45,375,92160,45,245,130.5965118408203,0.06982189416885376,-0.004064251889940351,440,0.2,298.6318187236786,0.007148339,0.055419921875,-0.8841294966638088,0.0003
-42.519653260000005,355.36,375,94208,46,250,37.01762390136719,0.22837436199188232,-0.005842242555809207,450,0.2,158.09228127002717,0.012931878,0.0775390625,-0.8446937507018447,0.0003
-41.81062989,366.42,376,96256,47,255,110.82054901123047,0.20400470495224,-0.004906766407657415,460,0.2,217.5176438808441,0.007872738,0.060498046875,-0.8707461381331086,0.0003
-39.02968148,381.6,375,98304,48,261,69.12513732910156,0.3114943504333496,-0.007789021989447064,470,0.2,148.28379086256027,0.010626268,0.098974609375,-0.9313056394457817,0.0003
-45.587451570000006,382.33,375,100352,49,267,42.31034469604492,0.2660258412361145,-0.0057399235869525,480,0.2,77.71817072629929,0.0111481,0.096728515625,-0.9365365305915475,0.0003
-45.90407363,391.5,374,102400,50,273,183.14544677734375,0.175376296043396,-0.004886830865871161,490,0.2,317.3825182199478,0.0043988675,0.02412109375,-0.8514835752546788,0.0003
-42.11360702000001,406.91,375,104448,51,278,93.74601745605469,0.3674764633178711,-0.005345375614706427,500,0.2,253.90386562347413,0.00489115,0.02451171875,-0.8258663609623909,0.0003
-36.692162710000005,405.92,375,106496,52,283,34.14596939086914,0.43539780378341675,-0.008255646782345138,510,0.2,158.63761392831802,0.0133850295,0.138037109375,-0.8375022916123271,0.0003
-35.42494932,415.84,376,108544,53,288,171.49063110351562,0.3175187110900879,-0.0029376907521509567,520,0.2,189.7796230316162,0.008197558,0.052734375,-0.8091189308091998,0.0003
-37.120818109999995,431.51,376,110592,54,293,40.505638122558594,0.4856279492378235,-0.002525394255644642,530,0.2,121.04148117303848,0.003411831,0.027734375,-0.8721068177372218,0.0003
-33.95412051,445.72,376,112640,55,298,64.06314086914062,0.45642006397247314,-0.00897883277357323,540,0.2,115.38157082796097,0.008258457,0.10478515625,-0.9741704486310482,0.0003
-35.89938674999999,453.13,377,114688,56,303,36.78459167480469,0.34357988834381104,-0.006662174618395511,550,0.2,126.89222959280013,0.00993713,0.12197265625,-0.8494646975770592,0.0003
-36.57962894999999,460.0,378,116736,57,308,54.22038650512695,0.40572530031204224,-0.005986089995712973,560,0.2,133.0560177564621,0.00840075,0.081201171875,-0.9031259013339877,0.0003
-33.70291098,471.87,378,118784,58,313,57.38447189331055,0.23550111055374146,-0.005291616526665166,570,0.2,209.59950377941132,0.008187532,0.045947265625,-0.891620059683919,0.0003
-33.37997409,480.6,379,120832,59,318,19.14537239074707,0.27898573875427246,-0.006467131614044774,580,0.2,89.52530022859574,0.006941842,0.05634765625,-0.8814960233867168,0.0003
-26.49725719,479.29,380,122880,60,323,64.5078125,0.35318154096603394,-0.007920886535430327,590,0.2,173.74405844211577,0.008275269,0.0677734375,-0.9390637638047338,0.0003
-27.99037412,474.7,380,124928,61,328,39.49358367919922,0.43896716833114624,-0.015111162705579773,600,0.2,134.6564269065857,0.008186577,0.12529296875,-0.7787510305643082,0.0003
-29.22525629,469.81,381,126976,62,333,57.91794204711914,0.46601980924606323,-0.005586767935892567,610,0.2,124.92933201789856,0.013253981,0.1142578125,-0.8893338801339269,0.0003
-28.18691228,477.83,381,129024,63,338,135.29464721679688,0.2994893789291382,-0.0023885154907475224,620,0.2,297.1023254156113,0.0084889075,0.058203125,-0.7102242132648826,0.0003
-23.29536078999999,485.03,381,131072,64,343,24.27724266052246,0.49673891067504883,-0.008235723312827759,630,0.2,61.584178099036215,0.013864674,0.147900390625,-0.8466338204219938,0.0003
-24.97779788999999,483.98,381,133120,65,348,25.311487197875977,0.4354216456413269,-0.0026049152642372065,640,0.2,110.56881147623062,0.0073888944,0.037646484375,-0.9216549884527921,0.0003
-24.33820862,484.55,381,135168,66,354,134.26341247558594,0.30540889501571655,-0.002863264942425303,650,0.2,218.1152042388916,0.005861165,0.0275390625,-0.7956181488931179,0.0003
-18.49034539,499.11,381,137216,67,359,39.55686569213867,0.4914528727531433,-0.003234386644908227,660,0.2,122.9631786286831,0.0051038656,0.025244140625,-0.7858160082250834,0.0003
-14.927238760000002,510.28,381,139264,68,365,51.193267822265625,0.5411971807479858,-0.006157219841406913,670,0.2,85.11074886918068,0.007398304,0.044873046875,-0.866614705324173,0.0003
-12.508396460000002,519.12,381,141312,69,370,17.490665435791016,0.6111835241317749,-0.007801436318550259,680,0.2,33.53129295259714,0.016726678,0.201123046875,-0.8557732064276934,0.0003
-8.12012391,519.41,381,143360,70,375,59.316688537597656,0.47543489933013916,-0.0025124309919192455,690,0.2,88.76315488815308,0.0059208605,0.0509765625,-0.8997701866552233,0.0003
-10.18424025,514.31,381,145408,71,380,91.55061340332031,0.43949270248413086,-0.0075425989052746445,700,0.2,167.8197287797928,0.007484552,0.068310546875,-0.7873955514281988,0.0003
-10.113696279999997,515.59,381,147456,72,386,21.10760498046875,0.493665874004364,-0.004635031445650384,710,0.2,153.22108858823776,0.006699944,0.02568359375,-0.7324954204261303,0.0003
-10.03289446,506.88,381,149504,73,391,55.4880256652832,0.6065841913223267,-0.0024515067343600094,720,0.2,131.395028591156,0.004761006,0.032080078125,-0.9190827762708068,0.0003
-5.2912448900000015,521.45,382,151552,74,396,36.154258728027344,0.7579527497291565,-0.003302274462475907,730,0.2,94.09680986702442,0.0052175336,0.042724609375,-0.8875207774341106,0.0003
-1.7391423600000033,534.39,382,153600,75,401,27.656015396118164,0.8252288699150085,-0.0036468264239374547,740,0.2,32.74566835314035,0.0064590834,0.058837890625,-0.721886332705617,0.0003
2.7411178499999984,535.25,382,155648,76,407,11.874629020690918,0.5256514549255371,-0.006339819954882841,750,0.2,44.42793418467045,0.01313481,0.08974609375,-0.9684162268415093,0.0003
6.984509299999998,548.17,382,157696,77,412,84.52588653564453,0.38804560899734497,-0.0027408474445110185,760,0.2,180.9507031440735,0.0065428293,0.02607421875,-0.8880326271057128,0.0003
3.1413379299999984,545.21,382,159744,78,417,16.116241455078125,0.6845279335975647,-0.0033343153409077786,770,0.2,48.4344443321228,0.008028544,0.056005859375,-0.7763553954660892,0.0003
5.93337402,542.1,382,161792,79,423,22.650930404663086,0.6159168481826782,-0.003566434660751838,780,0.2,105.63339881896972,0.004260568,0.03505859375,-0.794620524533093,0.0003
10.14158572,543.06,381,163840,80,429,119.16366577148438,0.5774717330932617,-0.004379934989265167,790,0.2,191.13575121760368,0.0043984395,0.04228515625,-0.7619268858805299,0.0003
7.626166820000001,542.79,381,165888,81,434,4.600499153137207,0.8262582421302795,-0.004030346038052812,800,0.2,53.46705627143383,0.016012538,0.184765625,-0.8072385236620903,0.0003
10.633192800000002,539.97,381,167936,82,440,40.54813766479492,0.5042692422866821,-0.0038381154925446028,810,0.2,113.86228294074536,0.0056875017,0.041357421875,-0.8126070579513908,0.0003
14.3155584,545.47,381,169984,83,445,13.699033737182617,0.6595656871795654,-0.0026176459359703586,820,0.2,40.30842995941639,0.0100838365,0.1271484375,-0.8716749323531985,0.0003
11.56916283,519.59,380,172032,84,451,11.796549797058105,0.5063120126724243,-0.002340270995046012,830,0.2,115.85462527871132,0.0035099753,0.016845703125,-0.8889845049008727,0.0003
16.003204710000002,527.08,380,174080,85,457,107.57747650146484,0.5375152826309204,-0.005233967062667944,840,0.2,208.17835117578505,0.0035889146,0.020166015625,-0.7003684708848595,0.0003
14.440197410000001,513.04,379,176128,86,464,35.83379364013672,0.6906304359436035,-0.004245336956228129,850,0.2,110.005758279562,0.0032610663,0.03095703125,-0.8191957084462047,0.0003
18.05099167,524.38,378,178176,87,470,93.35558319091797,0.698969841003418,-0.005741449753986672,860,0.2,169.77936398983002,0.0062579596,0.02998046875,-0.7730991426855326,0.0003
17.855959209999998,538.83,378,180224,88,475,8.412446022033691,0.8388916850090027,-0.005295181008114014,870,0.2,31.833067858219145,0.006796951,0.068212890625,-0.8383937902748585,0.0003
18.450798119999998,538.83,378,182272,89,481,54.78912353515625,0.7845577001571655,-0.00177587488287827,880,0.2,99.73342028856277,0.0030510104,0.024658203125,-0.7435385076329112,0.0003
15.634993730000003,532.91,378,184320,90,486,4.520490646362305,0.5948799848556519,-0.003694368837750517,890,0.2,26.3302674472332,0.0066489675,0.043408203125,-0.8085133617743849,0.0003
14.828849600000003,527.87,378,186368,91,492,45.077754974365234,0.6324144005775452,-0.005097283469513059,900,0.2,121.40495295524597,0.010761684,0.07265625,-0.7304133018478751,0.0003
11.853600550000001,525.43,378,188416,92,497,87.27845001220703,0.6735040545463562,-0.0029344499605940657,910,0.2,215.66250264644623,0.005238201,0.0201171875,-0.7402801251038909,0.0003
13.22723393,525.24,378,190464,93,502,22.491079330444336,0.7071640491485596,-0.002834657172206789,920,0.2,100.2189299106598,0.0043919114,0.0396484375,-0.7712768372148275,0.0003
6.53965645,510.45,378,192512,94,508,16.83167266845703,0.7642818689346313,-0.0033967540104640646,930,0.2,48.0625555485487,0.0071600787,0.04189453125,-0.7595748936757445,0.0003
6.486333799999999,518.0,378,194560,95,514,50.63881301879883,0.5692020654678345,-0.008347299245360772,940,0.2,130.70020352602006,0.010870155,0.118408203125,-0.7789211431518197,0.0003
8.89032654,521.13,377,196608,96,521,26.788267135620117,0.7740020155906677,-0.011657525767805054,950,0.2,106.59101302623749,0.023102475,0.087255859375,-0.7691115584224463,0.0003
12.24839579,535.09,376,198656,97,527,24.752687454223633,0.6437168121337891,-0.0049145446944748985,960,0.2,91.58670596182347,0.007126165,0.0521484375,-0.6418127590790391,0.0003
11.09371266,531.14,376,200704,98,533,13.658997535705566,0.5984131097793579,-0.0048771155183203515,970,0.2,147.50381624102593,0.009212097,0.072998046875,-0.7748623847961426,0.0003
8.628013639999999,523.34,376,202752,99,538,93.05872344970703,0.402992308139801,-0.0031657977669965476,980,0.2,238.73638014793397,0.0058648344,0.034716796875,-0.7567452682182193,0.0003
6.923305120000001,513.1,375,204800,100,545,45.300193786621094,0.6269139051437378,-0.006999165727756917,990,0.2,150.85539487600326,0.008564943,0.07861328125,-0.7584769189357757,0.0003
4.9779164300000005,518.95,375,206848,101,550,27.060922622680664,0.5290720462799072,-0.0031815370690310373,1000,0.2,114.98349760770797,0.005388814,0.035107421875,-0.7295121014118194,0.0003
1.2983760400000006,502.04,375,208896,102,556,33.5948371887207,0.5807327032089233,-0.002275695832213387,1010,0.2,94.71086147427559,0.009722036,0.083642578125,-0.7203397842124104,0.0003
-5.26583556,488.13,374,210944,103,562,68.5948486328125,0.62504643201828,-0.003136037371587008,1020,0.2,221.1629966378212,0.005529361,0.0587890625,-0.7427380142733455,0.0003
-5.2453540599999995,476.61,374,212992,104,568,56.29688262939453,0.8083423376083374,-0.007050071678531822,1030,0.2,95.81373816728592,0.0063332315,0.085693359375,-0.7299587743356823,0.0003
-4.577762810000001,462.91,374,215040,105,574,19.83702850341797,0.7013183832168579,-0.0069342265342129394,1040,0.2,148.43675311803818,0.011354914,0.063720703125,-0.640251275524497,0.0003
-7.73416581,463.62,372,217088,106,582,15.663514137268066,0.778274416923523,-0.004767372419883032,1050,0.2,127.52009473443032,0.0140714515,0.044873046875,-0.7433053797110916,0.0003
-9.62915333,466.05,371,219136,107,590,37.395320892333984,0.7309309244155884,-0.00283358107553795,1060,0.2,159.14095890522003,0.004092197,0.02685546875,-0.7915012201294302,0.0003
-13.468084359999999,468.1,369,221184,108,597,43.74880599975586,0.6487832069396973,-0.0021122822014149278,1070,0.2,158.62087833881378,0.0063163843,0.03095703125,-0.7544684832915663,0.0003
-11.26437551,482.61,369,223232,109,604,24.03204917907715,0.7195343971252441,-0.004631906267604791,1080,0.2,82.1600034236908,0.0112643065,0.0734375,-0.7329158404842019,0.0003
-7.796285160000002,483.77,368,225280,110,612,8.815690994262695,0.6362428665161133,-0.004035168400150724,1090,0.2,54.07020769268274,0.008649089,0.10537109375,-0.6325597645714879,0.0003
-3.5112525999999993,475.82,367,227328,111,619,83.1072998046875,0.6666675806045532,-0.0026454070772160775,1100,0.2,179.31830525398254,0.0032719406,0.021484375,-0.714657337218523,0.0003
-7.295595509999997,469.97,366,229376,112,626,68.4969711303711,0.5553420186042786,-0.0024689464567927643,1110,0.2,159.62139010429382,0.0043525216,0.03466796875,-0.7587560065090656,0.0003
-3.7533583099999985,470.94,364,231424,113,634,8.532828330993652,0.8073970079421997,-0.0015790180914336815,1120,0.2,57.264625903964046,0.0044351052,0.031201171875,-0.6501603374257684,0.0003
4.908825300000001,479.3,363,233472,114,642,96.68867492675781,0.7938299775123596,-0.006011964511708356,1130,0.2,108.38829112052917,0.0086314175,0.07646484375,-0.708560592867434,0.0003
5.567559659999998,490.8,362,235520,115,649,54.74995040893555,0.4961428642272949,-0.004231364038423635,1140,0.2,190.34609483480455,0.0064990898,0.029296875,-0.6395815163850784,0.0003
4.98543565,483.68,361,237568,116,657,28.49517059326172,0.7911747097969055,-0.003326950070913881,1150,0.2,125.29595921039581,0.0053967414,0.0455078125,-0.7867762675508857,0.0003
4.590785970000001,480.51,360,239616,117,664,33.571929931640625,0.731593668460846,-0.0033684874913888054,1160,0.2,178.09253432750702,0.0048109153,0.0322265625,-0.7200232844799757,0.0003
6.1257364600000015,474.66,360,241664,118,671,141.73794555664062,0.5800286531448364,-0.0023687574765062893,1170,0.2,284.5309420108795,0.0040011797,0.025341796875,-0.7467270227149129,0.0003
5.2669365300000015,462.53,360,243712,119,676,101.89238739013672,0.772851824760437,-0.0034514981132815594,1180,0.2,148.6921686887741,0.005285207,0.03935546875,-0.761361338570714,0.0003
8.47397319,455.1,360,245760,120,681,135.36868286132812,0.5864611268043518,-0.0019378633514861576,1190,0.2,227.00458340644838,0.0032373948,0.027099609375,-0.6830544974654913,0.0003
12.91744021,450.24,361,247808,121,685,70.87572479248047,0.47779661417007446,-0.005796026709140279,1200,0.2,204.76024547219276,0.007859682,0.05400390625,-0.6885445211082697,0.0003
25.294478139999995,457.14,361,249856,122,690,56.49806213378906,0.5772221684455872,-0.0026793369703227653,1210,0.2,110.4719635605812,0.0047814264,0.0416015625,-0.6534043261781335,0.0003
25.05608997,446.34,362,251904,123,695,69.5733413696289,0.41713911294937134,-0.0018078724155202509,1220,0.2,183.66039656400682,0.0029867552,0.0265625,-0.5675156036391854,0.0003
30.440936660000002,453.36,362,253952,124,700,34.33833312988281,0.6164335012435913,-0.003773048336734064,1230,0.2,151.53726880550386,0.0055908496,0.038818359375,-0.7383906906470656,0.0003
29.314421020000005,456.55,362,256000,125,705,107.05117797851562,0.6876767873764038,-0.005958626244682819,1240,0.2,221.1548399567604,0.006087783,0.056396484375,-0.6946848154067993,0.0003
30.923965920000004,458.79,362,258048,126,710,109.64507293701172,0.6809577941894531,-0.006244742343551479,1250,0.2,208.9354878425598,0.0052151256,0.05244140625,-0.7075518425554037,0.0003
31.729638270000006,463.27,363,260096,127,716,64.5301742553711,0.5184996128082275,-0.004984570015221834,1260,0.2,132.54331206679345,0.005491322,0.064599609375,-0.700979384407401,0.0003
29.009490950000004,470.06,363,262144,128,721,99.08087921142578,0.7141897678375244,-0.0020134254184085874,1270,0.2,198.38975876569748,0.005662038,0.02607421875,-0.6917304292321205,0.0003
32.558366789999994,466.41,363,264192,129,726,32.18524169921875,0.7431232929229736,-0.002534158679191023,1280,0.2,149.8720614552498,0.004964294,0.0431640625,-0.8022579802200198,0.0003
36.37650565,451.78,363,266240,130,731,25.36965560913086,0.6869859099388123,-0.004731455993896816,1290,0.2,194.2533702492714,0.005899301,0.04296875,-0.6416316190734506,0.0003
36.642854809999996,449.38,364,268288,131,737,91.0239028930664,0.7718484997749329,-0.0033102586632594464,1300,0.2,150.96650193929673,0.004814212,0.040576171875,-0.6856973551213741,0.0003
29.220466260000002,430.23,363,270336,132,743,91.61041259765625,0.6928089261054993,-0.0015501204572501593,1310,0.2,159.9509407311678,0.00625093,0.057568359375,-0.6565677182748914,0.0003
38.92306963,422.6,362,272384,133,750,114.9048843383789,0.6604783535003662,-0.002465597487753257,1320,0.2,138.82660289406778,0.0047621564,0.0369140625,-0.6884854216128588,0.0003
41.18853212,422.88,363,274432,134,755,41.89668273925781,0.548622190952301,-0.002282602622290142,1330,0.2,220.9165154337883,0.004427012,0.026025390625,-0.6560271108523011,0.0003
39.21723110000001,407.66,363,276480,135,760,137.41868591308594,0.41368210315704346,-0.002187108884390909,1340,0.2,278.9105250239372,0.00387559,0.020361328125,-0.6116488022729755,0.0003
37.331537170000004,405.64,363,278528,136,766,109.64768981933594,0.44869476556777954,-0.004158887328230776,1350,0.2,297.3345659375191,0.003825486,0.028564453125,-0.6833447521552444,0.0003
43.988296150000004,412.06,363,280576,137,771,50.187557220458984,0.6951726675033569,-0.004638123736367561,1360,0.2,163.9384346842766,0.0058315354,0.056640625,-0.7714341826736927,0.0003
50.420394380000005,422.41,363,282624,138,777,200.13726806640625,0.6600378155708313,-0.002466448603081517,1370,0.2,173.88839508295058,0.0054492517,0.088623046875,-0.6334968633018434,0.0003
50.71593475999999,420.79,363,284672,139,783,57.06764602661133,0.6221053004264832,-0.0014318225410534069,1380,0.2,89.40650615692138,0.004246655,0.030078125,-0.5960258730687201,0.0003
46.643696139999996,414.85,363,286720,140,789,223.8043670654297,0.6364032030105591,-0.0024724156901356764,1390,0.2,230.1040321826935,0.0052096313,0.042822265625,-0.6885841893032193,0.0003
47.552828059999996,404.65,362,288768,141,795,76.89289093017578,0.6314826011657715,-0.004483138231444172,1400,0.2,205.6390813410282,0.0070003318,0.051416015625,-0.694850810803473,0.0003
35.14507446,396.42,363,290816,142,801,105.82585906982422,0.6563901901245117,-0.0025282217946369203,1410,0.2,243.89958379268646,0.004898034,0.0375,-0.5922420990653336,0.0003
44.16378355,402.81,363,292864,143,806,36.74226760864258,0.6372801065444946,-0.00276232724863803,1420,0.2,161.05640574097634,0.0039089913,0.026904296875,-0.7469556882977486,0.0003
42.91903637,406.53,362,294912,144,812,27.199569702148438,0.6790134906768799,-0.003507327023544349,1430,0.2,143.70440100431443,0.007628645,0.05322265625,-0.6802911596372724,0.0003
47.23335451,409.79,362,296960,145,818,34.42736053466797,0.6780997514724731,-0.004312102824042085,1440,0.2,130.26244050264359,0.0039450545,0.033935546875,-0.6587689151987434,0.0003
47.72445423,403.18,362,299008,146,823,47.689208984375,0.66754150390625,-0.003968899586470798,1450,0.2,134.49654031991957,0.0042589987,0.026611328125,-0.7291612397879362,0.0003
47.59528782,405.75,362,301056,147,829,34.35801696777344,0.6837683916091919,-0.004489819621085189,1460,0.2,202.23990428447723,0.0046598017,0.040087890625,-0.6712141145020724,0.0003
44.411047589999995,402.53,362,303104,148,836,42.46448516845703,0.805395245552063,-0.001417779091570992,1470,0.2,150.95286014080048,0.003909605,0.027294921875,-0.6766759401187301,0.0003
38.10285379000001,414.1,362,305152,149,841,76.37821197509766,0.5490754246711731,-0.005133394949370995,1480,0.2,184.65313737392427,0.004501511,0.040478515625,-0.7543755596503615,0.0003
42.03127910999999,420.11,362,307200,150,847,52.870174407958984,0.6567850708961487,-0.0038898848841199653,1490,0.2,172.02877984046935,0.0036672368,0.030224609375,-0.738711804524064,0.0003
42.03234625,416.96,362,309248,151,853,71.20050811767578,0.7027181386947632,-0.004794485773891211,1500,0.2,158.5918941140175,0.0052534956,0.03916015625,-0.6329955769702792,0.0003
46.8865908,419.96,361,311296,152,861,102.55013275146484,0.3914054036140442,-0.004799471500155051,1510,0.2,321.9001017332077,0.0043881643,0.020703125,-0.6082176843658089,0.0003
39.19663342,423.19,361,313344,153,866,38.24983596801758,0.8072674870491028,-0.004790915547346231,1520,0.2,106.82203118205071,0.0071437084,0.0755859375,-0.7013785587623715,0.0003
33.86034894,419.54,361,315392,154,871,30.43756866455078,0.6034234166145325,-0.004499386910174508,1530,0.2,183.91057109832764,0.00815593,0.05791015625,-0.7139349782839417,0.0003
28.958486899999997,421.82,361,317440,155,877,80.18276977539062,0.7117818593978882,-0.006844875337264966,1540,0.2,131.98036926984787,0.007794763,0.07421875,-0.6678829355165362,0.0003
29.486266609999998,428.94,361,319488,156,882,63.14604187011719,0.5913127660751343,-0.0041444309405051175,1550,0.2,192.55330554246902,0.007310752,0.0544921875,-0.6935464756563305,0.0003
36.421055450000004,443.71,361,321536,157,888,31.101659774780273,0.7619063854217529,-0.0026331961766118185,1560,0.2,55.43807194232941,0.011069809,0.113623046875,-0.7371735252439976,0.0003
39.65206074,445.9,361,323584,158,894,61.6064338684082,0.7462531924247742,-0.002771171391941607,1570,0.2,61.81142069101334,0.0071793348,0.06708984375,-0.6808510461822153,0.0003
35.722601950000005,445.03,361,325632,159,900,39.56937026977539,0.7504903078079224,-0.006219928326027002,1580,0.2,106.15252202153206,0.007785287,0.079931640625,-0.6761572370305657,0.0003
34.240871750000004,442.01,361,327680,160,906,54.76225280761719,0.7788951992988586,-0.008235351645271293,1590,0.2,102.20110130310059,0.010865347,0.08564453125,-0.7815125351771712,0.0003
35.534726600000006,443.46,361,329728,161,911,54.8672981262207,0.746267557144165,-0.003691258848994039,1600,0.2,124.7201065659523,0.005071626,0.053369140625,-0.7473747389391064,0.0003
38.29335626,446.97,361,331776,162,917,109.57765197753906,0.7267215251922607,-0.0029881425405619668,1610,0.2,117.02299822568894,0.0027213048,0.01923828125,-0.6719841577112675,0.0003
43.77277254,456.44,361,333824,163,923,47.99091720581055,0.6530137062072754,-0.005348828810383566,1620,0.2,111.69330418109894,0.007228564,0.0625,-0.6756531588733197,0.0003
50.66982519000001,460.54,361,335872,164,929,32.851016998291016,0.7610089182853699,-0.003751200356055051,1630,0.2,97.97194423675538,0.0048371945,0.02783203125,-0.59612483587116,0.0003
57.450759689999984,457.94,361,337920,165,935,47.044368743896484,0.7784854173660278,-0.003909132930857595,1640,0.2,128.84162055552005,0.0060834987,0.07177734375,-0.6665565589442849,0.0003
57.00132119,461.93,361,339968,166,941,64.70564270019531,0.8078540563583374,-0.008954349588020705,1650,0.2,98.71246281862258,0.012721983,0.115625,-0.7104486625641584,0.0003
57.17821513,458.19,361,342016,167,947,14.435571670532227,0.8138212561607361,-0.001763776813459117,1660,0.2,51.06497750580311,0.0021739895,0.03076171875,-0.5389984099194407,0.0003
57.523851840000006,461.19,360,344064,168,953,142.6089324951172,0.576629638671875,-0.0021339450860978102,1670,0.2,212.60567091703416,0.002004907,0.017822265625,-0.5772805635817349,0.0003
60.603078610000004,465.89,360,346112,169,959,24.69741439819336,0.591720700263977,-0.004401826618413906,1680,0.2,79.60634514391423,0.007099023,0.044775390625,-0.7008084794506431,0.0003
69.59521866,445.14,360,348160,170,965,24.92300796508789,0.7119231820106506,-0.0030588792462367563,1690,0.2,130.33555357456208,0.004004811,0.037255859375,-0.6298688808456063,0.0003
66.93842965,426.06,360,350208,171,971,89.63568115234375,0.818642258644104,-0.0023635637233383024,1700,0.2,168.53234748244284,0.004295487,0.027197265625,-0.6150180390104651,0.0003
65.62407347,422.65,360,352256,172,977,24.071792602539062,0.6609997153282166,-0.0018394315236946567,1710,0.2,165.12802910208703,0.0060482817,0.054052734375,-0.6892342500388622,0.0003
69.3890564,421.18,360,354304,173,983,26.573259353637695,0.7773907780647278,-0.0013618780445540323,1720,0.2,91.75697544515133,0.0026201387,0.04755859375,-0.6890660567209125,0.0003
77.88765679,426.62,360,356352,174,989,79.36752319335938,0.5652433633804321,-0.0034572726741316727,1730,0.2,237.6000061273575,0.0029243282,0.0126953125,-0.5866135695017874,0.0003
84.53382633000001,422.65,360,358400,175,995,67.36739349365234,0.496219277381897,-0.0022064110497012736,1740,0.2,255.54060543775557,0.0038591241,0.029833984375,-0.6776148458942771,0.0003
87.64793699999998,418.21,359,360448,176,1001,41.77985763549805,0.7534092664718628,-0.0025315285223769025,1750,0.2,102.56792294979095,0.0055024866,0.04111328125,-0.598215176910162,0.0003
89.15449153,402.43,359,362496,177,1007,50.79377365112305,0.357261598110199,-0.0031742780120112,1760,0.2,265.061697280407,0.004409766,0.046630859375,-0.6868849836289883,0.0003
89.75752549999999,404.89,359,364544,178,1013,30.289026260375977,0.7606068849563599,-0.00692344458802836,1770,0.2,129.50392499566078,0.0077655013,0.0767578125,-0.7022823078557849,0.0003
97.80784970999999,392.66,359,366592,179,1019,11.892202377319336,0.6909796595573425,-0.0032319096542778427,1780,0.2,93.41554089486598,0.006625515,0.060986328125,-0.6455384656786919,0.0003
103.27223468,399.15,359,368640,180,1025,35.62809753417969,0.7538982629776001,-0.007330187488696538,1790,0.2,131.79631154537202,0.006400597,0.071337890625,-0.5681214643642306,0.0003
97.02571965000001,400.49,359,370688,181,1031,16.632423400878906,0.7222839593887329,-0.005848758296633605,1800,0.2,76.9824914932251,0.009539778,0.07587890625,-0.5710491298697888,0.0003
94.43883926999999,395.97,359,372736,182,1037,6.358294486999512,0.6011978387832642,-0.004059317817154806,1810,0.2,122.24687778055667,0.017514054,0.100634765625,-0.707954153046012,0.0003
92.60223856,390.99,359,374784,183,1043,29.60732078552246,0.6653645038604736,-0.005135116417659446,1820,0.2,138.51282180547713,0.004084846,0.04208984375,-0.6478911694139242,0.0003
98.66141499000001,387.89,359,376832,184,1049,26.771093368530273,0.6909955739974976,-0.0056283499696291985,1830,0.2,133.9534185051918,0.008063866,0.0423828125,-0.5496332617476583,0.0003
99.00537671000002,371.9,359,378880,185,1055,98.1348648071289,0.6586246490478516,-0.00427558507071808,1840,0.2,163.89846680164337,0.0050357375,0.050146484375,-0.5692301460541784,0.0003
104.14298071000002,363.59,358,380928,186,1061,84.03681182861328,0.617611825466156,-0.0027241981879342347,1850,0.2,262.3776128649712,0.003885388,0.020263671875,-0.6313237125054002,0.0003
101.06319991000001,353.61,358,382976,187,1067,33.563602447509766,0.7050665020942688,-0.005821520737663377,1860,0.2,141.06241543292998,0.009067056,0.085791015625,-0.6841913567855954,0.0003
102.31401698000002,363.41,358,385024,188,1073,37.09414291381836,0.4932348132133484,-0.006469081905379426,1870,0.2,292.2148755788803,0.004650747,0.04375,-0.6274890214204788,0.0003
112.82445776,368.5,358,387072,189,1079,24.582563400268555,0.6886987090110779,-0.001990647317143157,1880,0.2,103.4712541103363,0.013277104,0.0734375,-0.654493423551321,0.0003
115.56927497000001,362.74,358,389120,190,1085,139.36602783203125,0.7187471389770508,-0.002786506862321403,1890,0.2,171.27335287332534,0.0035782373,0.045654296875,-0.5800009631551802,0.0003
116.03129742000003,357.96,358,391168,191,1091,161.0629119873047,0.7149978876113892,-0.003100175247527659,1900,0.2,192.66536284685134,0.0024665208,0.02412109375,-0.588766087219119,0.0003
110.40755180000002,354.89,358,393216,192,1096,158.86764526367188,0.7585798501968384,-0.0029732346170931122,1910,0.2,130.40942080616952,0.005882426,0.04541015625,-0.583536085486412,0.0003
112.67707279,358.05,358,395264,193,1102,62.58115005493164,0.6079806685447693,-0.005530858019483276,1920,0.2,178.45305219888687,0.0074628345,0.066455078125,-0.6206618683412671,0.0003
108.88351535000001,357.57,358,397312,194,1108,36.2515983581543,0.7045750021934509,-0.003690385227673687,1930,0.2,59.53634500801563,0.00657593,0.058251953125,-0.55919902138412,0.0003
107.77392226,355.06,358,399360,195,1114,51.68386459350586,0.5539429187774658,-0.0030664264340884984,1940,0.2,221.8835201561451,0.005394652,0.049462890625,-0.6546830259263515,0.0003
111.92786274,355.74,358,401408,196,1120,38.08782958984375,0.49705690145492554,-0.008032156695844606,1950,0.2,140.80281860828399,0.0071616676,0.066162109375,-0.6300455315038562,0.0003
115.22193228999997,345.97,358,403456,197,1126,55.3358039855957,0.3206399083137512,-0.0034069050423568116,1960,0.2,124.39819675683975,0.0048476253,0.03525390625,-0.5601836759597063,0.0003
119.33755966000001,351.66,357,405504,198,1132,17.937082290649414,0.6787329316139221,-0.0057308737465064045,1970,0.2,133.4626691043377,0.006485381,0.048828125,-0.5486110670492053,0.0003
118.56321558000002,347.48,357,407552,199,1138,30.49099349975586,0.6482440829277039,-0.0035214744915720076,1980,0.2,44.197925734519956,0.0095218215,0.108349609375,-0.6501518661156297,0.0003
119.81153312999999,346.65,357,409600,200,1144,35.86682891845703,0.7672827243804932,-0.004743696865625679,1990,0.2,98.00887157917023,0.007230741,0.060498046875,-0.6298124285414815,0.0003
109.67325982000003,348.74,357,411648,201,1150,10.428603172302246,0.7700626850128174,-0.004069165325199719,2000,0.2,79.60747286081315,0.00806344,0.067822265625,-0.5782283077947795,0.0003
106.92410532,352.75,357,413696,202,1157,173.36810302734375,0.5858355164527893,-0.0035938772183726543,2010,0.2,211.86870695352553,0.0062876516,0.031884765625,-0.5825905604287982,0.0003
107.67517859,364.54,357,415744,203,1163,23.832473754882812,0.7267111539840698,-0.0032747044242569245,2020,0.2,162.1697269976139,0.0050137467,0.050439453125,-0.6180848667398096,0.0003
97.38165889999999,366.85,357,417792,204,1169,12.937480926513672,0.7885701656341553,-0.007051370813860558,2030,0.2,49.48239582329988,0.019322176,0.149365234375,-0.6562194781377911,0.0003
99.58967521000001,371.53,357,419840,205,1175,34.591102600097656,0.5722611546516418,-0.005642019766673912,2040,0.2,167.19980617463588,0.006504194,0.05341796875,-0.6974039264023304,0.0003
106.61423898000001,379.73,357,421888,206,1181,25.819766998291016,0.7108248472213745,-0.0038047690672101454,2050,0.2,134.65073292255403,0.0048777056,0.03720703125,-0.6868384763598442,0.0003
108.48302748000002,380.15,357,423936,207,1186,103.51345825195312,0.6607470512390137,-0.0021279134001815692,2060,0.2,122.70569136142731,0.0033530882,0.029345703125,-0.6397965801879764,0.0003
109.31350321,381.44,357,425984,208,1192,27.695289611816406,0.7230288982391357,-0.005996125325327739,2070,0.2,101.15396077632904,0.008301487,0.077001953125,-0.6486548330634833,0.0003
110.78980161999999,389.62,357,428032,209,1198,40.0265998840332,0.6716731786727905,-0.005298651786870323,2080,0.2,134.29341617822647,0.0039736745,0.037548828125,-0.5688994615338743,0.0003
109.27659805000002,390.19,357,430080,210,1204,64.9754409790039,0.652758002281189,-0.0034606136265210806,2090,0.2,109.80160289406777,0.005611249,0.03974609375,-0.60506810862571,0.0003
109.80768142000002,393.18,357,432128,211,1210,188.3412322998047,0.581325352191925,-0.0020449865274713374,2100,0.2,216.12598801851271,0.004372562,0.03408203125,-0.6131036750040948,0.0003
105.75152882999998,387.01,356,434176,212,1216,13.107383728027344,0.781234860420227,-0.0027565227341256105,2110,0.2,66.89723114967346,0.0043697176,0.035791015625,-0.656968730315566,0.0003
110.70464469000001,384.55,356,436224,213,1222,81.52017974853516,0.6447629928588867,-0.004995113087352366,2120,0.2,253.53772350549698,0.003084543,0.031494140625,-0.6195999294519424,0.0003
102.98438578000001,376.43,356,438272,214,1228,40.55767822265625,0.7117576599121094,-0.004474103070970159,2130,0.2,119.45839830636979,0.0073889545,0.0802734375,-0.5919557776302099,0.0003
94.73835287000001,377.73,356,440320,215,1235,30.488679885864258,0.8242557048797607,-0.003131177369505167,2140,0.2,152.00296640396118,0.0052861692,0.034423828125,-0.6285656925290823,0.0003
100.73695624,386.35,356,442368,216,1240,19.75626564025879,0.6077322959899902,-0.003993295473628677,2150,0.2,168.8340919971466,0.00515893,0.044189453125,-0.6422890394926071,0.0003
101.29876826999998,373.97,356,444416,217,1247,42.500877380371094,0.6267648935317993,-0.005250764862284996,2160,0.2,178.0164874792099,0.006800482,0.056884765625,-0.5113315505906939,0.0003
99.29021130000001,373.19,356,446464,218,1253,16.950204849243164,0.743695855140686,-0.0024213572760345414,2170,0.2,154.82652904987336,0.0030980385,0.038671875,-0.6671086573973298,0.0003
108.94428857999999,370.33,356,448512,219,1259,30.590726852416992,0.7770282030105591,-0.0028366281476337463,2180,0.2,79.06253002882003,0.0072322837,0.058935546875,-0.5917936020530761,0.0003
107.67243332000002,366.4,355,450560,220,1265,15.154397964477539,0.8781874775886536,-0.0012739215453621,2190,0.2,58.280905711650846,0.0027758754,0.030322265625,-0.5854290014132857,0.0003
115.02428196999999,352.42,355,452608,221,1271,41.59312057495117,0.7299898862838745,-0.003977555377059616,2200,0.2,165.29708535671233,0.00409572,0.0375,-0.7010098457336426,0.0003
111.70689952000002,344.69,355,454656,222,1277,33.59684753417969,0.7006418108940125,-0.003820548905059695,2210,0.2,176.52414792776108,0.0033899816,0.037060546875,-0.6283370858058334,0.0003
110.53040566999998,340.99,355,456704,223,1284,40.156009674072266,0.6794258952140808,-0.0028049996079062113,2220,0.2,258.55009480714796,0.0058915094,0.03837890625,-0.6041195455938577,0.0003
106.06433134999996,336.72,355,458752,224,1290,33.75000762939453,0.7142198085784912,-0.003874240870936774,2230,0.2,161.0678448855877,0.003658197,0.052685546875,-0.6406954359263182,0.0003
109.11575705999999,335.51,355,460800,225,1296,103.87580871582031,0.5562053918838501,-0.006582208409963641,2240,0.2,247.58244963884354,0.00631364,0.057666015625,-0.6657484283670783,0.0003
110.46898252999999,333.84,355,462848,226,1302,22.951202392578125,0.744819700717926,-0.005688246979843825,2250,0.2,167.15813871622086,0.003981755,0.032080078125,-0.5067316341213882,0.0003
109.40453571999998,341.79,355,464896,227,1308,116.84265899658203,0.7391284704208374,-0.006176037833211012,2260,0.2,202.23779194951058,0.005509666,0.045654296875,-0.6311533475294709,0.0003
106.47755971999999,343.78,355,466944,228,1314,12.184758186340332,0.6645293235778809,-0.0035881824151147157,2270,0.2,65.89796192646027,0.0054478003,0.056591796875,-0.6170444928109646,0.0003
119.66772835999998,349.46,355,468992,229,1320,45.22337341308594,0.6840847730636597,-0.005039727830444462,2280,0.2,121.0077682375908,0.0059575588,0.04580078125,-0.5582906356081366,0.0003
119.47182086999996,353.45,355,471040,230,1326,30.590505599975586,0.6311383247375488,-0.004284086464031134,2290,0.2,135.0246893584728,0.009275109,0.074560546875,-0.6471265388652683,0.0003
121.58050641,357.7,355,473088,231,1332,41.8498649597168,0.5427452921867371,-0.0034097981930244713,2300,0.2,176.17690476179123,0.006568635,0.04814453125,-0.6425949562340975,0.0003
121.78342586999999,363.79,354,475136,232,1338,76.36357116699219,0.6801403760910034,-0.003539027739316225,2310,0.2,203.9100611448288,0.00420074,0.02744140625,-0.5952296858653426,0.0003
124.26978281,367.03,354,477184,233,1344,24.827112197875977,0.7793259620666504,-0.00429243020771537,2320,0.2,40.105880725383756,0.008827861,0.12109375,-0.5940477898344397,0.0003
120.96956336,364.33,354,479232,234,1350,22.56773567199707,0.7524772882461548,-0.0029424280539387835,2330,0.2,69.29595584869385,0.008062645,0.09609375,-0.635921673849225,0.0003
117.69591695,375.97,354,481280,235,1356,58.06494903564453,0.5643249154090881,-0.005627765416284092,2340,0.2,201.3456511259079,0.007838216,0.101806640625,-0.5833103286102415,0.0003
114.27348,380.99,354,483328,236,1361,15.778833389282227,0.5845757722854614,-0.0025433250382775443,2350,0.2,124.8565368950367,0.006079955,0.050634765625,-0.6674290331080556,0.0003
116.5873964,387.87,354,485376,237,1367,96.68164825439453,0.6009914875030518,-0.006768647549324669,2360,0.2,162.86374197006225,0.0065621324,0.041455078125,-0.591690538264811,0.0003
113.96278832,390.41,354,487424,238,1373,13.0298490524292,0.2709398865699768,-0.0028996387583902104,2370,0.2,100.67139101624488,0.006872671,0.09677734375,-0.594241261575371,0.0003
121.60663223,400.72,354,489472,239,1379,99.41226959228516,0.6799880266189575,-0.003488230980292428,2380,0.2,151.2016562998295,0.0060979207,0.039794921875,-0.6132680919021368,0.0003
120.23842920000001,407.06,354,491520,240,1385,19.841594696044922,0.5382792353630066,-0.001472095472854562,2390,0.2,74.60320771485567,0.004722635,0.056884765625,-0.6125641856342554,0.0003
123.25825932000004,421.68,354,493568,241,1391,65.38823699951172,0.6415235996246338,-0.000444324966520071,2400,0.2,127.707407990098,0.00441649,0.0669921875,-0.6159425921738148,0.0003
121.11728941999999,430.79,354,495616,242,1397,4.0313262939453125,0.8142541646957397,-0.0029811092259478754,2410,0.2,13.981602293252944,0.008423917,0.110888671875,-0.6302227532491088,0.0003
127.55839180999999,429.26,354,497664,243,1403,59.234413146972656,0.5533333420753479,-0.005662857304560021,2420,0.2,108.95434539020061,0.00866502,0.14365234375,-0.6017584323883056,0.0003
124.75017166000003,429.63,354,499712,244,1409,23.521934509277344,0.6131112575531006,-0.006337183514551726,2430,0.2,152.4912266254425,0.004127316,0.027587890625,-0.5747825563885272,0.0003
128.10411184999998,436.49,354,501760,245,1415,72.50279998779297,0.4737456440925598,-0.002453106858592946,2440,0.2,216.13888630867004,0.0033123877,0.0224609375,-0.5542390520684422,0.0003
125.04057321999998,443.47,354,503808,246,1421,24.323129653930664,0.7572769522666931,-0.0036279694875702264,2450,0.2,84.58959413766861,0.007001303,0.04609375,-0.6244131777435541,0.0003
120.44043255000003,444.23,354,505856,247,1427,14.753680229187012,0.8099228143692017,-0.004463332207524218,2460,0.2,121.1162482202053,0.009765814,0.0669921875,-0.6440259177237749,0.0003
124.87004333,445.01,354,507904,248,1433,31.950876235961914,0.580532968044281,-0.002887071607983671,2470,0.2,129.15980170965196,0.0035210247,0.0255859375,-0.56348337829113,0.0003
123.70196971,436.7,354,509952,249,1439,19.499000549316406,0.589687705039978,-0.0032849682771484367,2480,0.2,148.6082040667534,0.0031147916,0.035791015625,-0.5796230681240558,0.0003
119.10711155000001,438.06,354,512000,250,1445,128.71759033203125,0.5362460613250732,-0.005380826053442434,2490,0.2,98.29632499814034,0.00995403,0.087353515625,-0.6688675306737423,0.0003
116.95648036,434.01,354,514048,251,1451,33.61859893798828,0.7135157585144043,-0.004099615690938663,2500,0.2,72.15055351853371,0.007814056,0.049609375,-0.631113957427442,0.0003
113.41329706999998,438.23,354,516096,252,1457,60.43745803833008,0.6650534868240356,-0.004964032179850619,2510,0.2,164.140490090847,0.0066381996,0.062255859375,-0.587799189798534,0.0003
107.25023037000003,441.01,354,518144,253,1463,134.219482421875,0.5317883491516113,-0.00633420546510024,2520,0.2,163.86582530736922,0.0066393693,0.046240234375,-0.5950971506536007,0.0003
106.47743546999999,436.05,354,520192,254,1469,42.26712417602539,0.5825921297073364,-0.0018966087693115697,2530,0.2,110.65054261386395,0.005062287,0.0326171875,-0.6015483144670725,0.0003
110.32806376,447.82,353,522240,255,1475,49.40970993041992,0.6280635595321655,-0.005970136309042573,2540,0.2,181.5566627383232,0.0075440113,0.07705078125,-0.6152015276253223,0.0003
105.42575119999998,444.47,353,524288,256,1481,10.987970352172852,0.7173080444335938,-0.002320009266259149,2550,0.2,51.47215993702412,0.0065286173,0.04296875,-0.589509064797312,0.0003
111.64699091,442.8,353,526336,257,1486,81.04656982421875,0.8039388656616211,-0.002461652091005817,2560,0.2,130.40897118449212,0.0057160202,0.043701171875,-0.5922548132017255,0.0003
112.33244919,448.94,354,528384,258,1492,39.3338623046875,0.7235894203186035,-0.0025528724159812554,2570,0.2,111.4363519191742,0.003653965,0.064306640625,-0.6624102735891938,0.0003
112.96848441000002,447.72,354,530432,259,1498,21.107515335083008,0.810230553150177,-0.002599261704017408,2580,0.2,34.94710913449526,0.0048373803,0.08076171875,-0.6271858260035514,0.0003
111.07863627999997,446.66,354,532480,260,1504,33.175758361816406,0.7359256744384766,-0.006895679942681454,2590,0.2,145.6781952917576,0.006483211,0.087841796875,-0.6413269296288491,0.0003
114.41719818000001,441.81,354,534528,261,1509,62.3958854675293,0.6599999666213989,-0.00418105192220537,2600,0.2,162.41707534193992,0.006204995,0.03212890625,-0.583437801618129,0.0003
114.60005269999999,441.44,353,536576,262,1516,10.675634384155273,0.8567768335342407,-0.0034884499400504865,2610,0.2,46.35096632540226,0.017332718,0.089501953125,-0.6072296568192541,0.0003
115.97862635999999,429.54,353,538624,263,1521,9.244819641113281,0.8044142723083496,-0.0009293855691794306,2620,0.2,25.239953857660293,0.006842152,0.06875,-0.5844413155689836,0.0003
111.27912746999999,434.03,354,540672,264,1526,38.43206787109375,0.790764570236206,-0.0051771542173810305,2630,0.2,113.05004330277443,0.0047449507,0.04541015625,-0.6635803064331413,0.0003
109.20745095000001,447.56,354,542720,265,1531,63.66691589355469,0.4877191185951233,-0.0021003971312893556,2640,0.2,174.0878948688507,0.00506874,0.03564453125,-0.5238739567808807,0.0003
107.90312074000002,449.42,354,544768,266,1536,20.611873626708984,0.7657983303070068,-0.004165387419925537,2650,0.2,140.4742235660553,0.005069981,0.043994140625,-0.5025169272907078,0.0003
104.79146103999997,447.66,354,546816,267,1542,7.381247043609619,0.7990391254425049,-0.003905530618794728,2660,0.2,69.04048462510109,0.003108279,0.0306640625,-0.47366976607590916,0.0003
113.13393123,459.36,354,548864,268,1547,94.61058807373047,0.5305535793304443,-0.004186738173302729,2670,0.2,253.96487348079683,0.005813235,0.059130859375,-0.5663777126930654,0.0003
118.04450513,448.69,354,550912,269,1553,5.054277420043945,0.8175515532493591,-0.002608019713079557,2680,0.2,23.814084224402905,0.005252107,0.056884765625,-0.5655560598708689,0.0003
118.41457754000001,450.39,354,552960,270,1559,49.165000915527344,0.7782593965530396,-0.0016824210528284312,2690,0.2,78.27321843504906,0.0029752848,0.032958984375,-0.5771542352624237,0.0003
120.02959864,442.75,354,555008,271,1564,66.99805450439453,0.7200523614883423,-0.0033459237667557316,2700,0.2,187.23022640943526,0.0031651729,0.038720703125,-0.6188618467189372,0.0003
116.29461486,444.44,354,557056,272,1570,9.145868301391602,0.5973591208457947,-0.006034839688800276,2710,0.2,107.30585271716117,0.019583851,0.07470703125,-0.53680040827021,0.0003
123.12713969,444.64,354,559104,273,1576,149.3779754638672,0.5777894258499146,-0.003652552657877095,2720,0.2,301.4491665363312,0.0035762019,0.0296875,-0.617608592659235,0.0003
131.05099024,441.0,354,561152,274,1582,56.83371353149414,0.49569034576416016,-0.0026604801329085602,2730,0.2,180.9651818871498,0.0037175477,0.022998046875,-0.5729350348003208,0.0003
130.91302836,434.49,354,563200,275,1588,17.53590202331543,0.5892529487609863,-0.0005692492821253836,2740,0.2,81.05348937064409,0.0053405934,0.07119140625,-0.6097629429772496,0.0003
134.58047418,428.55,354,565248,276,1594,17.590700149536133,0.6634681224822998,-0.005106899459497072,2750,0.2,105.14456011652946,0.007699546,0.075,-0.5558698526583612,0.0003
134.89242872,423.05,354,567296,277,1599,68.77347564697266,0.8086130619049072,-0.003589069910231046,2760,0.2,72.51670741438866,0.009872023,0.071142578125,-0.5720947120338679,0.0003
132.06493218,417.3,354,569344,278,1605,18.0980281829834,0.8358710408210754,-0.007171279800240881,2770,0.2,82.71885605454445,0.010431016,0.0966796875,-0.647884089499712,0.0003
135.19585647999997,413.32,354,571392,279,1611,15.348602294921875,0.7038789391517639,-0.003220804000739008,2780,0.2,78.80139190256595,0.005260749,0.04755859375,-0.5550434093922376,0.0003
141.23663145999998,411.95,354,573440,280,1616,51.648983001708984,0.6642528772354126,-0.003668836166616529,2790,0.2,204.93806822896005,0.005419749,0.036083984375,-0.5443567528389395,0.0003
138.34795021,416.25,354,575488,281,1622,34.342071533203125,0.6359925270080566,-0.0035277478760690427,2800,0.2,106.99323613047599,0.0023194398,0.020703125,-0.49252937622368337,0.0003
137.35219365999998,410.42,354,577536,282,1627,4.375058174133301,0.844316840171814,-0.005318703126977198,2810,0.2,42.80547119379044,0.0063962266,0.080859375,-0.5399365864694119,0.0003
139.37532391999997,410.94,354,579584,283,1633,9.371834754943848,0.8578398823738098,-0.004528745237621479,2820,0.2,58.54772320091725,0.0062984577,0.073388671875,-0.6211138826794922,0.0003
142.8177533,410.37,354,581632,284,1639,12.867016792297363,0.7733598351478577,-0.0036543939786497504,2830,0.2,84.6476125240326,0.009005502,0.056103515625,-0.6193880500271917,0.0003
147.36152617999997,393.55,354,583680,285,1644,33.21542739868164,0.6927119493484497,-0.005295211599150207,2840,0.2,209.3237322151661,0.003589564,0.02607421875,-0.5715523038990795,0.0003
152.42990767,402.7,354,585728,286,1650,21.92093849182129,0.7948847413063049,-0.002024086000164971,2850,0.2,104.53685438632965,0.0036547973,0.037939453125,-0.4996154776774347,0.0003
154.97536885999997,398.16,354,587776,287,1656,14.022467613220215,0.7769144773483276,-0.0031691019583377058,2860,0.2,40.432996748387815,0.00505497,0.045703125,-0.548420887440443,0.0003
154.54241756999997,390.28,354,589824,288,1662,11.558816909790039,0.7577473521232605,-0.0024117623703205026,2870,0.2,67.01069847941399,0.0049137906,0.043017578125,-0.5357651770114898,0.0003
156.05932783999998,398.44,354,591872,289,1667,23.576290130615234,0.8284980058670044,-0.0015729290811577813,2880,0.2,57.89856622219086,0.005210462,0.047265625,-0.5039200698025524,0.0003
156.85378386000002,392.18,354,593920,290,1673,4.849619388580322,0.8533132672309875,-0.0002109943307004869,2890,0.2,18.575888165086507,0.009434428,0.087548828125,-0.6123988339677453,0.0003
163.91960247,394.77,354,595968,291,1679,23.5367488861084,0.6258725523948669,-0.002983137381670531,2900,0.2,134.02641192674636,0.0030415244,0.03095703125,-0.5543257115408778,0.0003
164.01149131,395.39,354,598016,292,1685,13.257198333740234,0.8229855895042419,-0.0021344091597711667,2910,0.2,49.17936373949051,0.0033581625,0.02861328125,-0.5900648667477071,0.0003
164.20011767,376.66,354,600064,293,1691,38.316856384277344,0.6337771415710449,-0.004005526375840418,2920,0.2,192.3483388841152,0.005605604,0.054248046875,-0.5707989976741373,0.0003
166.2949472,382.59,354,602112,294,1696,38.37920379638672,0.5926819443702698,-0.0021419569035060703,2930,0.2,182.91906484365464,0.0044358782,0.026123046875,-0.5401676763780415,0.0003
166.45261829,384.15,355,604160,295,1701,39.64023208618164,0.6730391979217529,-0.004150259034940973,2940,0.2,111.47576984465123,0.007202828,0.1123046875,-0.588571229763329,0.0003
172.44705568,385.14,355,606208,296,1707,9.22903060913086,0.4633166193962097,-0.0038428423227742313,2950,0.2,64.45315829366446,0.006852655,0.05068359375,-0.5523240244947374,0.0003
178.30942294999997,378.42,355,608256,297,1712,13.905293464660645,0.7322593927383423,-0.0019595621299231423,2960,0.2,52.61684546768665,0.0052521857,0.038037109375,-0.5371341544203461,0.0003
175.80111602999995,386.44,355,610304,298,1718,9.165983200073242,0.7255057692527771,-0.0037941182672511786,2970,0.2,80.75647165179252,0.0053589456,0.0447265625,-0.4468914671801031,0.0003
169.88291945,388.18,355,612352,299,1723,13.29621696472168,0.5695565938949585,-0.0006969112131628208,2980,0.2,126.10118092894554,0.0046710554,0.03173828125,-0.542187182046473,0.0003
167.51624171,387.85,355,614400,300,1730,58.383670806884766,0.6021108627319336,-0.0017183598276460544,2990,0.2,155.7134554386139,0.0040931283,0.021337890625,-0.61337556745857,0.0003
163.21053709,379.3,355,616448,301,1736,28.935449600219727,0.4279741644859314,-0.0022635167493717744,3000,0.2,180.69801945090293,0.0028846096,0.03837890625,-0.5131368719041347,0.0003
167.47188631,379.72,355,618496,302,1741,27.265146255493164,0.76351398229599,-0.0033923516020877287,3010,0.2,138.74335396289825,0.0048371423,0.056494140625,-0.5572004121728241,0.0003
167.61428193,372.81,355,620544,303,1746,9.965561866760254,0.9411593079566956,-0.0021608982933685184,3020,0.2,38.11896571964026,0.00956632,0.07939453125,-0.5099889507517219,0.0003
165.87245083,370.08,355,622592,304,1751,33.42475509643555,0.6208862066268921,-0.0017775024141883477,3030,0.2,100.73371271491051,0.00394083,0.043798828125,-0.4785718788392842,0.0003
162.40976865000002,366.32,355,624640,305,1756,17.869049072265625,0.8557901978492737,-0.0013781415837001987,3040,0.2,78.34952548146248,0.0067388676,0.061572265625,-0.581288363225758,0.0003
162.07368465999997,370.57,355,626688,306,1761,138.40029907226562,0.6564064025878906,-0.0023526051212684252,3050,0.2,129.78579575419425,0.0044537913,0.040771484375,-0.5137720642611384,0.0003
159.29945793000002,366.08,356,628736,307,1766,4.700600624084473,0.7629071474075317,-0.00296537009999156,3060,0.2,32.30874690711498,0.015762925,0.1181640625,-0.6057910729199648,0.0003
159.34412573,369.34,356,630784,308,1770,65.9294204711914,0.8482945561408997,-0.006285916944034397,3070,0.2,140.00445278286935,0.011521953,0.137353515625,-0.5518900146707892,0.0003
165.69621340999998,375.65,356,632832,309,1775,27.95647430419922,0.8164242506027222,-0.005299592128721997,3080,0.2,63.43341438174248,0.010640158,0.13466796875,-0.5872200685553253,0.0003
168.04760032,377.66,356,634880,310,1780,38.50968933105469,0.7320148944854736,-0.0028950136911589652,3090,0.2,72.56743171215058,0.0035467942,0.035400390625,-0.5408699341118336,0.0003
175.33241304000003,381.65,356,636928,311,1785,57.79473114013672,0.6769564151763916,-0.0007802655396517366,3100,0.2,143.73547514677048,0.0025220257,0.028271484375,-0.5496229485608637,0.0003
177.91604206,375.49,356,638976,312,1790,12.374807357788086,0.8050035238265991,-0.00015818325919099153,3110,0.2,65.46156252026557,0.003652004,0.03193359375,-0.5205124158412218,0.0003
179.06035779999993,372.03,357,641024,313,1795,21.896650314331055,0.6571269631385803,-0.0060646138284937475,3120,0.2,125.54804797768593,0.006824972,0.06318359375,-0.5172347031533718,0.0003
180.35548974000002,365.51,357,643072,314,1800,12.305472373962402,0.8506138920783997,-0.0018017514812527224,3130,0.2,57.438856589794156,0.005887452,0.03994140625,-0.48067112928256395,0.0003
172.55733651999998,347.15,357,645120,315,1804,13.972633361816406,0.8445290327072144,-0.0010621844645356759,3140,0.2,57.709264647960666,0.004448034,0.0361328125,-0.5008133191615343,0.0003
178.48820479000003,346.23,357,647168,316,1809,166.73748779296875,0.6391320824623108,-0.005427571933250874,3150,0.2,302.47825726270673,0.0045648115,0.03017578125,-0.5344528045505286,0.0003
181.60750400999999,344.76,357,649216,317,1814,19.272993087768555,0.832786500453949,-0.002222399349557236,3160,0.2,58.48614628314972,0.0051918947,0.046875,-0.5191204654984176,0.0003
186.17063038,336.12,357,651264,318,1819,108.59033203125,0.4547778367996216,-0.004599166091065854,3170,0.2,159.14627922177314,0.015845958,0.164697265625,-0.5717390987090767,0.0003
181.51210118,336.78,358,653312,319,1824,14.803631782531738,0.8381215333938599,-0.003385663685912732,3180,0.2,66.87719401419163,0.0065742293,0.06044921875,-0.5636944256722927,0.0003
185.86356901000002,346.32,358,655360,320,1828,46.51451110839844,0.45916855335235596,-0.0024138203109032473,3190,0.2,160.35388852059842,0.003783055,0.035693359375,-0.5379442567937076,0.0003
183.96057055,345.9,358,657408,321,1833,3.1047067642211914,0.8000973463058472,0.0006731388595653698,3200,0.2,20.19479734227061,0.007991328,0.10244140625,-0.6159745274111629,0.0003
182.79688974,348.31,358,659456,322,1838,8.731050491333008,0.647483229637146,-0.0009298760793171823,3210,0.2,135.06173424124717,0.0025973849,0.03671875,-0.49391626473516226,0.0003
180.04062297000002,337.67,358,661504,323,1843,118.57356262207031,0.596858024597168,-0.0021791066566947846,3220,0.2,157.43346582353115,0.0027738088,0.04541015625,-0.5185770296491683,0.0003
172.30815947000002,323.83,358,663552,324,1848,24.88158416748047,0.5400545597076416,-0.0007099631489836611,3230,0.2,226.8428075313568,0.0019277104,0.017333984375,-0.5578056543134153,0.0003
168.93874092000001,328.92,359,665600,325,1853,67.82245635986328,0.6775633096694946,-0.006600139720831066,3240,0.2,190.71173425912858,0.0064571733,0.050341796875,-0.5020920248702169,0.0003
168.68007068000003,327.31,359,667648,326,1858,8.784346580505371,0.633257269859314,0.00022226161090657114,3250,0.2,60.23423860520124,0.0026131875,0.044921875,-0.5633422267623246,0.0003
171.42450600000004,326.98,359,669696,327,1863,198.8986358642578,0.6432722806930542,-0.002133567156852223,3260,0.2,174.7831062912941,0.005403305,0.070751953125,-0.5194197932258249,0.0003
168.66943748999998,335.22,359,671744,328,1867,13.593620300292969,0.7955427169799805,-0.005109354923479259,3270,0.2,40.91130757927895,0.0056134583,0.058935546875,-0.5247142847627402,0.0003
164.33349927999998,342.47,359,673792,329,1872,21.59499740600586,0.3343935012817383,-0.004630926682148128,3280,0.2,137.44232013076544,0.0071064024,0.06826171875,-0.5954894464462995,0.0003
161.51562055,347.56,359,675840,330,1877,62.57691192626953,0.3094140291213989,-0.002776259061647579,3290,0.2,148.50101624131202,0.0030146893,0.051220703125,-0.5160618582740426,0.0003
162.17879243999997,349.71,360,677888,331,1882,40.39090347290039,0.735442042350769,-0.001788520968693774,3300,0.2,61.52286713123321,0.006073137,0.070263671875,-0.5807172962464392,0.0003
155.39155125,354.58,360,679936,332,1887,22.819948196411133,0.6070876717567444,-0.00316154516331153,3310,0.2,174.13874271512032,0.007951903,0.072705078125,-0.5593362605199218,0.0003
164.3138002,359.18,360,681984,333,1892,67.23111724853516,0.5621616840362549,-0.0033159352868096905,3320,0.2,158.56573348641396,0.007672115,0.071142578125,-0.6054292282089591,0.0003
159.27266471,366.13,360,684032,334,1897,10.210369110107422,0.732460081577301,-0.0030749635887332262,3330,0.2,42.545836445689204,0.007805876,0.054736328125,-0.5623479073867201,0.0003
161.18956222,368.71,360,686080,335,1902,16.000160217285156,0.8682603240013123,-0.0034852402488468213,3340,0.2,71.66650479137897,0.0063228486,0.0576171875,-0.5411250899545849,0.0003
161.59945409,368.15,360,688128,336,1907,14.145065307617188,0.4882766604423523,-0.00044533004402183,3350,0.2,74.48418164849281,0.0056557227,0.0556640625,-0.5336647117510438,0.0003
161.27064562999996,361.42,360,690176,337,1912,31.974720001220703,0.4684417247772217,-0.005304287894978188,3360,0.2,179.8946075320244,0.0048774164,0.04404296875,-0.48856448335573077,0.0003
159.82235573,361.2,361,692224,338,1916,80.25541687011719,0.5200748443603516,-0.0034447849611751735,3370,0.2,148.58952391147614,0.006956137,0.06708984375,-0.5749908488243818,0.0003
159.74935831,369.83,361,694272,339,1921,28.800086975097656,0.623964786529541,-0.0022319522555335424,3380,0.2,68.635298371315,0.006599533,0.0537109375,-0.6020103880204261,0.0003
156.85382937999998,374.6,361,696320,340,1926,8.286148071289062,0.6632732152938843,-0.0018365882555372083,3390,0.2,34.40375145077705,0.006084376,0.0787109375,-0.5572440991178155,0.0003
160.65226522999998,374.11,361,698368,341,1931,19.12383460998535,0.4276772737503052,-0.0013776389183476566,3400,0.2,146.21626704633235,0.008765625,0.135302734375,-0.6108293544501067,0.0003
158.12254636,379.1,361,700416,342,1936,9.836124420166016,0.870811402797699,-0.0038319920422509313,3410,0.2,56.76879106163979,0.006739231,0.06259765625,-0.5619758036918938,0.0003
162.9862174,387.66,361,702464,343,1940,331.452880859375,0.5507968664169312,-0.002915239408321213,3420,0.2,172.80469980835915,0.0052408865,0.04931640625,-0.5992771053686738,0.0003
166.96501252,379.09,362,704512,344,1945,6.554060459136963,0.727907121181488,-0.002533485101594124,3430,0.2,73.91398787498474,0.0069914674,0.055224609375,-0.5501306531950831,0.0003
163.14793321000002,383.51,362,706560,345,1950,28.9378662109375,0.7898107171058655,-0.0048691730320570056,3440,0.2,91.09754172563552,0.0068689855,0.049560546875,-0.49022709131240844,0.0003
159.37892628999998,374.99,362,708608,346,1955,6.653589725494385,0.8629881739616394,-0.0010185183986322955,3450,0.2,39.65024291574955,0.003983631,0.04541015625,-0.5197048884816468,0.0003
170.5306349,361.94,362,710656,347,1960,103.59779357910156,0.5996328592300415,-0.002511107783357147,3460,0.2,197.42823070287704,0.004265378,0.032861328125,-0.4978660478256643,0.0003
165.75087229000002,358.99,362,712704,348,1964,10.261539459228516,0.8830766677856445,-0.0021935681608738376,3470,0.2,28.672705000638963,0.0060493187,0.063720703125,-0.5448836374096573,0.0003
168.49005418000002,358.34,362,714752,349,1969,29.641876220703125,0.6012014150619507,-0.004115245054708794,3480,0.2,177.40254337787627,0.0046986323,0.03203125,-0.5111924782395363,0.0003
170.75165697000003,370.28,363,716800,350,1974,15.817956924438477,0.4771919846534729,-0.003175594015920069,3490,0.2,102.40867497771978,0.005684384,0.060986328125,-0.6107557114213705,0.0003
170.33608932000004,383.38,363,718848,351,1979,9.039810180664062,0.6144665479660034,-0.00173557889793301,3500,0.2,43.97260497659445,0.0079602515,0.066064453125,-0.5966969307512044,0.0003
162.16960975,370.4,363,720896,352,1984,5.457147121429443,0.6400309801101685,-0.004570144986792002,3510,0.2,33.65640160292387,0.0073903324,0.060302734375,-0.3965618089772761,0.0003
157.28663037,360.1,363,722944,353,1989,185.89256286621094,0.4318004846572876,-0.0004510025377385318,3520,0.2,337.9623549878597,0.004753283,0.04482421875,-0.5019914762116968,0.0003
156.66590402,363.62,363,724992,354,1994,16.04014015197754,0.6203052997589111,-0.004361054662149399,3530,0.2,154.75818992853164,0.0038143052,0.024658203125,-0.5150347532704472,0.0003
162.54052017,357.41,363,727040,355,1999,246.58935546875,0.5024073123931885,-0.0023615375757799484,3540,0.2,277.1377356290817,0.0025145868,0.022607421875,-0.5049537540413439,0.0003
165.04086404999998,342.02,363,729088,356,2004,32.67523956298828,0.7115412950515747,-0.001525093597592786,3550,0.2,96.635249209404,0.0033416406,0.029443359375,-0.4375179784372449,0.0003
165.01458489,340.65,363,731136,357,2009,16.2645263671875,0.763413667678833,-0.004464437092246953,3560,0.2,98.3301572561264,0.006529644,0.053515625,-0.519284815248102,0.0003
172.0734045,335.69,363,733184,358,2014,12.624112129211426,0.8439726829528809,-0.0016047975834226236,3570,0.2,36.330255538225174,0.005131079,0.069140625,-0.5869399049319327,0.0003
171.95789679000006,327.23,364,735232,359,2019,30.463031768798828,0.49388647079467773,-0.0022493628115626053,3580,0.2,179.88481274843215,0.003431824,0.0330078125,-0.49907610565423965,0.0003
170.01085910999998,326.69,364,737280,360,2024,68.3081283569336,0.5654346942901611,-0.001586414992925711,3590,0.2,196.48914604187013,0.0035224785,0.038720703125,-0.5189539673738182,0.0003
174.62068044,322.82,364,739328,361,2029,25.870018005371094,0.691335141658783,-0.001556019883719273,3600,0.2,92.18959805965423,0.0037159775,0.056591796875,-0.510166993457824,0.0003
171.38496929000002,321.15,364,741376,362,2034,8.129834175109863,0.70514976978302,-0.0011448832825408316,3610,0.2,107.88845086693763,0.002788597,0.040771484375,-0.4780275824479759,0.0003
168.81767082,334.83,364,743424,363,2039,151.1928253173828,0.6330676078796387,-0.0032603640633169562,3620,0.2,203.30587900876998,0.005118491,0.047216796875,-0.49929139148443935,0.0003
171.16529512999998,334.32,364,745472,364,2044,1.5429719686508179,0.5525968670845032,0.002339633140945807,3630,0.2,11.05559573546052,0.004937838,0.09140625,-0.611174920015037,0.0003
170.44280003,325.2,364,747520,365,2049,19.467308044433594,0.8036463260650635,-0.0027365852816728874,3640,0.2,67.0869802892208,0.005916192,0.047705078125,-0.5062339053489268,0.0003
171.35563396999999,329.58,364,749568,366,2054,41.622886657714844,0.5914511680603027,-0.0011550115566933527,3650,0.2,111.83052603006362,0.006511948,0.046142578125,-0.5623179991729558,0.0003
181.15594879000002,323.45,365,751616,367,2059,44.82846450805664,0.5739089250564575,-0.0005873967209481634,3660,0.2,58.589420571923256,0.010017436,0.07431640625,-0.4896243358030915,0.0003
185.51204621999997,328.81,365,753664,368,2064,18.287517547607422,0.7588927745819092,-0.0021898590202908963,3670,0.2,56.5788213789463,0.005137896,0.036962890625,-0.42185270944610237,0.0003
183.81346961,338.68,365,755712,369,2069,5.439332485198975,0.78623366355896,-0.0024242861531092786,3680,0.2,36.0261619836092,0.005071547,0.056787109375,-0.4283629354089499,0.0003
182.10686891,332.36,365,757760,370,2074,31.755374908447266,0.45226794481277466,-0.003974424095940776,3690,0.2,191.75249834656717,0.002168743,0.02666015625,-0.46163526074960826,0.0003
181.57398520000007,338.69,365,759808,371,2079,19.677997589111328,0.762729287147522,-0.0028574041556566955,3700,0.2,122.27360693514348,0.0078347,0.11474609375,-0.5888309620320797,0.0003
185.08289594000001,344.39,365,761856,372,2084,79.60770416259766,0.6639723777770996,-0.0029964260989800095,3710,0.2,115.30787225365638,0.0038839222,0.03720703125,-0.48087182315066457,0.0003
186.40936194999995,352.35,365,763904,373,2089,35.04280090332031,0.6785295009613037,-0.004395491586183198,3720,0.2,101.27618876695632,0.007337722,0.08125,-0.48244980731979015,0.0003
179.08065653999998,341.7,365,765952,374,2094,10.147733688354492,0.6347434520721436,-0.0006521778355818242,3730,0.2,43.85723839998245,0.006031515,0.056103515625,-0.5710257986560464,0.0003
182.47844815999997,343.61,365,768000,375,2099,45.47330093383789,0.7211401462554932,-0.005027560229063965,3740,0.2,135.21644068360328,0.005172408,0.06328125,-0.47820253306999805,0.0003
188.26736826000004,344.5,365,770048,376,2104,26.618135452270508,0.6437345743179321,-0.003114207110775169,3750,0.2,111.74037676453591,0.003983253,0.0490234375,-0.5363966778852045,0.0003
181.44822574000003,349.61,366,772096,377,2108,11.198752403259277,0.809150218963623,-0.00016495226591359824,3760,0.2,46.3005579739809,0.004508719,0.0578125,-0.5167014542035758,0.0003
185.95993105999997,358.09,366,774144,378,2113,9.244246482849121,0.34505170583724976,-0.003383668215246871,3770,0.2,120.74373305141926,0.008787921,0.065185546875,-0.5945626176893711,0.0003
182.50429251999995,362.82,366,776192,379,2118,6.188137054443359,0.7659469246864319,0.00010414993448648602,3780,0.2,23.498308604955675,0.0043560606,0.051953125,-0.4423930186778307,0.0003
184.73402651999993,363.13,366,778240,380,2123,124.41881561279297,0.7892438173294067,-0.004123825317947194,3790,0.2,53.19475864768028,0.0032813316,0.066796875,-0.5544799192808568,0.0003
182.72135047000003,357.07,366,780288,381,2128,43.3197135925293,0.8051377534866333,-0.0023659505837713367,3800,0.2,88.70008686482906,0.011525879,0.089111328125,-0.5164416438899935,0.0003
183.14676771000003,372.4,366,782336,382,2133,118.85735321044922,0.7410036325454712,-0.001235331101634074,3810,0.2,144.17849129140376,0.0019499145,0.03134765625,-0.5897434306330979,0.0003
181.79097545000002,366.66,366,784384,383,2139,31.842716217041016,0.8001574277877808,-0.0028290294692851605,3820,0.2,49.53190895318985,0.01159328,0.17080078125,-0.5962691771797836,0.0003
181.57304495,367.86,366,786432,384,2145,62.222110748291016,0.3802145719528198,-0.004568302285042592,3830,0.2,270.1144441843033,0.004416094,0.0408203125,-0.550542461592704,0.0003
181.32689900999998,373.79,366,788480,385,2153,6.392209529876709,0.8244977593421936,-0.0021260729379719125,3840,0.2,38.623885574936864,0.0040756976,0.05029296875,-0.607753011956811,0.0003
173.91352176000004,360.44,365,790528,386,2161,41.52657699584961,0.5984848141670227,-0.0032610715454211457,3850,0.2,59.473474903404714,0.006758901,0.047607421875,-0.6178843650966883,0.0003
178.33733131999998,366.69,365,792576,387,2169,62.28351593017578,0.7498536109924316,-0.009340752620482817,3860,0.2,169.92665576934814,0.0075184684,0.080322265625,-0.48745944248512385,0.0003
186.05250731,365.62,365,794624,388,2175,169.94204711914062,0.6506425142288208,-0.0021367118795751596,3870,0.2,136.91363807916642,0.005286387,0.04208984375,-0.47673350777477025,0.0003
188.91412444999997,367.27,365,796672,389,2181,13.56072998046875,0.7512272596359253,-0.0018557720584794879,3880,0.2,46.09961348772049,0.0054658726,0.033447265625,-0.5026136212050915,0.0003
183.50121309000002,363.68,365,798720,390,2187,7.431700706481934,0.8353658318519592,-0.002270022229640745,3890,0.2,37.33725508153439,0.005893032,0.063330078125,-0.5531849780119955,0.0003
187.26797538,362.45,365,800768,391,2192,23.552705764770508,0.6275584101676941,-0.007432241184869781,3900,0.2,130.737451338768,0.0066100876,0.06689453125,-0.5616677277721465,0.0003
187.97522160000005,360.74,365,802816,392,2198,34.295570373535156,0.7663664817810059,-0.0016803858525236137,3910,0.2,98.85422664284707,0.0037040545,0.047802734375,-0.5209834022447467,0.0003
184.74037861000005,368.2,365,804864,393,2204,17.50556755065918,0.9266499280929565,-0.0031118306374992243,3920,0.2,100.97476073503495,0.0032160832,0.0392578125,-0.4115877688862383,0.0003
185.58392513,371.31,364,806912,394,2211,53.464508056640625,0.904295802116394,-0.0058664256910560654,3930,0.2,70.03307206332684,0.0051192944,0.065673828125,-0.4477129755541682,0.0003
184.38736999,356.3,364,808960,395,2218,96.6201171875,0.7368885278701782,-0.0041252084163716065,3940,0.2,122.96904472112655,0.005338771,0.040185546875,-0.49715314684435724,0.0003
181.82409581000005,349.23,364,811008,396,2227,36.245609283447266,0.7247764468193054,-0.0020086188218556345,3950,0.2,92.26129723787308,0.0078363465,0.062841796875,-0.478772375639528,0.0003
185.55099352999997,342.28,363,813056,397,2233,86.25755310058594,0.5906537771224976,-0.00231395005248487,3960,0.2,240.93500200510024,0.0037428704,0.033154296875,-0.514782695285976,0.0003
187.6171946,329.43,363,815104,398,2241,74.75997924804688,0.8617105484008789,-0.002519159417715855,3970,0.2,88.43319483995438,0.0031675347,0.05078125,-0.49517677100375296,0.0003
