time/fps,time/time_elapsed,time/iterations,rollout/ep_len_mean,time/total_timesteps,rollout/ep_rew_mean,train/clip_range,train/loss,train/explained_variance,train/policy_gradient_loss,train/clip_fraction,train/approx_kl,train/value_loss,train/entropy_loss,train/learning_rate,train/n_updates,train/std
328,6,1,387.4,2048,-112.15193760000002,,,,,,,,,,,
256,15,2,520.4285714285714,4096,-113.41104471428572,0.2,23.263856887817383,-0.014029979705810547,-0.006851756374817342,0.052099609375,0.0061618695,152.52653837502004,-5.676513643562794,0.0003,10,1.0000768899917603
228,26,3,534.7,6144,-112.3700094,0.2,0.540600597858429,0.03039926290512085,-0.008999915231834165,0.14541015625,0.0121005345,38.55233988817781,-5.670109489560128,0.0003,20,0.9994366765022278
208,39,4,585.0,8192,-110.22941341666667,0.2,32.898685455322266,0.25381481647491455,-0.008496363741869573,0.12822265625,0.010937041,61.853684708289805,-5.659436723589897,0.0003,30,0.9934408664703369
196,52,5,730.0,10240,-109.45151507142857,0.2,142.27383422851562,-0.0740516185760498,-0.003915134177077562,0.084423828125,0.01047794,30.967596726771443,-5.636548665165901,0.0003,40,0.987078070640564
190,64,6,788.0,12288,-108.2601394,0.2,0.13843955099582672,0.9503657817840576,-0.007223138905828819,0.08642578125,0.008876182,0.4992541065439582,-5.614532698690891,0.0003,50,0.9830466508865356
186,76,7,654.0952380952381,14336,-108.4618622857143,0.2,0.09528433531522751,-0.9965283870697021,-0.0107014681736473,0.10498046875,0.009723808,0.1888943457743153,-5.557524466514588,0.0003,60,0.9630382061004639
181,90,8,697.0909090909091,16384,-108.31808336363638,0.2,55.51637649536133,0.19016796350479126,-0.00372427974070888,0.0134765625,0.004389653,125.1152107335627,-5.519264435768127,0.0003,70,0.9620462656021118
179,102,9,736.3478260869565,18432,-107.70662895652175,0.2,0.22631683945655823,0.8890954256057739,-0.01085873908159556,0.100390625,0.010400057,0.5594876415096224,-5.525480008125305,0.0003,80,0.9666287899017334
175,116,10,805.44,20480,-106.40298944,0.2,0.032956380397081375,0.07648295164108276,-0.008968336854013614,0.0837890625,0.007920133,0.15814597771968691,-5.51189553886652,0.0003,90,0.9550106525421143
171,131,11,836.0,22528,-105.43861003846155,0.2,0.10804527997970581,0.058066368103027344,-0.013806491027935408,0.12294921875,0.008626904,0.17619783129775896,-5.439882531762123,0.0003,100,0.9338068962097168
169,145,12,864.2962962962963,24576,-104.7968685925926,0.2,0.044466421008110046,-0.0010188817977905273,-0.010803335403033998,0.104052734375,0.0112294275,0.08249581103445962,-5.3590362757444385,0.0003,110,0.9183411002159119
167,158,13,886.9333333333333,26624,-103.49159803333332,0.2,0.011138573288917542,-0.11601376533508301,-0.010360571398632602,0.09140625,0.0096245725,0.09409564218949526,-5.283136722445488,0.0003,120,0.8990645408630371
166,172,14,838.9411764705883,28672,-104.06117061764706,0.2,33.673973083496094,0.014482617378234863,-0.0022459766449173914,0.04140625,0.004678515,23.825184448901563,-5.248012414574623,0.0003,130,0.9017558693885803
165,185,15,860.6857142857143,30720,-103.40730660000001,0.2,17.040613174438477,0.4324556589126587,-0.005068266321904958,0.014306640625,0.004406389,66.58836577907205,-5.257294602692127,0.0003,140,0.902127206325531
164,199,16,881.2222222222222,32768,-102.96419922222223,0.2,0.004089523106813431,0.3986104130744934,-0.011002364878368098,0.11015625,0.0090559535,0.1763018202385865,-5.232415767014027,0.0003,150,0.8908147811889648
161,215,17,900.6486486486486,34816,-102.53527702702704,0.2,0.12220603227615356,0.6187681555747986,-0.009689198265550657,0.121923828125,0.010301057,0.2895831570844166,-5.197940419614315,0.0003,160,0.8863306045532227
158,232,18,936.5128205128206,36864,-101.88737258974359,0.2,0.013888735324144363,0.6052013635635376,-0.010702935882727615,0.09814453125,0.007825175,0.07624190374044701,-5.164222991466522,0.0003,170,0.8779769539833069
155,249,19,953.1,38912,-101.40972782499999,0.2,0.050524041056632996,0.8322740793228149,-0.010884361529315356,0.122021484375,0.009783495,0.170928470173385,-5.12591972053051,0.0003,180,0.8686572313308716
154,265,20,968.8780487804878,40960,-101.13614299999999,0.2,0.037751492112874985,0.9509505033493042,-0.010287754741148092,0.101220703125,0.009209136,0.10573752702912316,-5.079505948722362,0.0003,190,0.857115626335144
152,281,21,998.2325581395348,43008,-100.20581511627906,0.2,0.06102987378835678,0.4314441680908203,-0.010060313032590784,0.09560546875,0.007657856,0.07620550534920767,-5.04068503677845,0.0003,200,0.8518602848052979
150,299,22,991.2444444444444,45056,-99.8137140222222,0.2,0.02918330952525139,0.05952942371368408,-0.009849799978837837,0.0966796875,0.010740522,0.08706344779348,-5.003743772208691,0.0003,210,0.8405807018280029
149,314,23,1004.4782608695652,47104,-99.2257151521739,0.2,0.5365355014801025,0.16538351774215698,-0.003717987684649415,0.047607421875,0.006826631,18.3303048171103,-4.97357593625784,0.0003,220,0.8384098410606384
149,329,24,1017.1489361702128,49152,-98.66399861702126,0.2,0.01110127940773964,-1.9207782745361328,-0.007320674922084436,0.077783203125,0.008711532,0.11357783543644473,-4.93487301170826,0.0003,230,0.8247708082199097
148,345,25,1040.938775510204,51200,-97.81194671428571,0.2,0.00430932454764843,0.14794450998306274,-0.009276164762559347,0.100390625,0.009629729,0.06266296177636832,-4.875701600313187,0.0003,240,0.8147372007369995
147,360,26,1052.12,53248,-97.22171065999999,0.2,-4.043802618980408e-05,0.5355563163757324,-0.011817339342087507,0.103564453125,0.010377026,0.07708966714562848,-4.814710088074207,0.0003,250,0.8012261986732483
147,375,27,1062.862745098039,55296,-96.7456965098039,0.2,0.009876908734440804,0.394861102104187,-0.012349335485487245,0.123681640625,0.010476093,0.05568978794617578,-4.7446903243660925,0.0003,260,0.7886274456977844
146,392,28,1073.1923076923076,57344,-96.16364555769229,0.2,0.015524715185165405,0.5492749214172363,-0.009299397660652176,0.08251953125,0.009403004,0.062468397367047145,-4.6744074806571,0.0003,270,0.7725909948348999
144,411,29,1092.7037037037037,59392,-94.94123553703702,0.2,0.017952635884284973,0.540340781211853,-0.009453093881893438,0.094287109375,0.010067873,0.061008837504778056,-4.617521996796131,0.0003,280,0.7657985687255859
142,432,30,1101.9272727272728,61440,-94.26691545454543,0.2,0.032261837273836136,0.7004212141036987,-0.010493385107838548,0.103564453125,0.008420595,0.12914026041980833,-4.58297103792429,0.0003,290,0.759947657585144
140,452,31,1110.8214285714287,63488,-93.66449310714286,0.2,0.04060095548629761,0.609632134437561,-0.007934578999993391,0.11279296875,0.009324347,0.06736032103653997,-4.541651892662048,0.0003,300,0.7492411732673645
140,467,32,1127.6896551724137,65536,-92.18226122413793,0.2,0.010995101183652878,0.6834796667098999,-0.014547123765805737,0.1369140625,0.012127442,0.07194984861416742,-4.508148750662803,0.0003,310,0.747169017791748
140,482,33,1135.6949152542372,67584,-91.41442822033898,0.2,0.05293876677751541,0.6828539967536926,-0.008000683228601702,0.08642578125,0.008423651,0.09522391349310055,-4.487035946547985,0.0003,320,0.7415242195129395
140,497,34,1143.4333333333334,69632,-90.57134228333332,0.2,0.0328587107360363,0.8242164254188538,-0.01546176761330571,0.13203125,0.010969932,0.09485058343270794,-4.458717489242554,0.0003,330,0.7357616424560547
139,512,35,1150.9180327868853,71680,-89.66322598360655,0.2,0.049323637038469315,0.7573730945587158,-0.012108288699528203,0.113330078125,0.0094452575,0.13840170348994435,-4.4329379260540005,0.0003,340,0.7326287031173706
139,527,36,1165.1746031746031,73728,-87.84069777777776,0.2,0.06461632996797562,0.7477759718894958,-0.01286851407494396,0.13369140625,0.011537498,0.13560512794647367,-4.416685537993908,0.0003,350,0.7293204069137573
139,542,37,1171.96875,75776,-86.86011468749999,0.2,0.038008254021406174,0.7662991285324097,-0.011204973327403422,0.112109375,0.0074374983,0.13186051743105054,-4.3751402899622915,0.0003,360,0.7184156179428101
139,557,38,1178.553846153846,77824,-85.90188999999998,0.2,0.07276888936758041,0.8324154615402222,-0.01415176214359235,0.14482421875,0.01167542,0.1252211500192061,-4.306670399010182,0.0003,370,0.7050918340682983
139,572,39,1191.134328358209,79872,-83.91491747761192,0.2,0.06193946301937103,0.8268086910247803,-0.011159833581768908,0.122314453125,0.011335609,0.16143564076628536,-4.246247692406177,0.0003,380,0.6967005729675293
137,597,40,1197.1470588235295,81920,-82.80122354411762,0.2,0.08139581978321075,0.7541167736053467,-0.012355991848744452,0.102587890625,0.009515168,0.2274996679741889,-4.201724877953529,0.0003,390,0.6903340816497803
136,613,41,1202.9855072463768,83968,-81.54260185507243,0.2,0.07628136873245239,0.8150288462638855,-0.011717011641303543,0.13916015625,0.011252785,0.16792209951672704,-4.185145954787731,0.0003,400,0.6900492906570435
136,629,42,1208.6571428571428,86016,-80.28295367142854,0.2,0.09486638754606247,0.8579756021499634,-0.01370773403905332,0.133154296875,0.011578818,0.19610770682338624,-4.167481082677841,0.0003,410,0.6843456029891968
136,645,43,1219.5277777777778,88064,-77.76418287499999,0.2,0.08054295182228088,0.8332217931747437,-0.012746633638744242,0.13505859375,0.011401327,0.18361081138718874,-4.134361393749714,0.0003,420,0.6800015568733215
135,663,44,1224.7397260273972,90112,-76.42102124657532,0.2,0.032558660954236984,0.8503026962280273,-0.009318996750516817,0.10693359375,0.009273247,0.1904643374029547,-4.087933292984962,0.0003,430,0.6682974100112915
135,678,45,1214.2533333333333,92160,-75.61328713333332,0.2,0.08944690972566605,0.8650662302970886,-0.010977194129372947,0.1396484375,0.009215967,0.20686172316782175,-4.03405459523201,0.0003,440,0.6612144112586975
135,696,46,1219.328947368421,94208,-74.1931046973684,0.2,0.11699164658784866,0.49040675163269043,-0.006974363210611045,0.090478515625,0.008673685,11.990990329207852,-4.006494002044201,0.0003,450,0.6586204171180725
135,712,47,1229.0897435897436,96256,-71.3846706153846,0.2,0.09105778485536575,0.8045881986618042,-0.014147821755614132,0.14384765625,0.014522788,0.23293802398256958,-3.9595504477620125,0.0003,460,0.6476031541824341
135,725,48,1233.7848101265822,98304,-69.77049450632909,0.2,0.11599220335483551,0.8625937104225159,-0.014590680121909828,0.16357421875,0.012583578,0.26616757730953394,-3.8877979055047036,0.0003,470,0.6362736821174622
135,741,49,1238.3625,100352,-68.245814175,0.2,0.09619861096143723,0.8665493130683899,-0.013117810574476607,0.136328125,0.011944255,0.3011015226133168,-3.824039089679718,0.0003,480,0.6270866394042969
135,752,50,1247.1829268292684,102400,-65.37728578048781,0.2,0.04589470848441124,0.9035552740097046,-0.010243415259174072,0.146337890625,0.010543752,0.16934667136520148,-3.7821722105145454,0.0003,490,0.6235924959182739
136,763,51,1251.433734939759,104448,-63.9167748433735,0.2,0.04876774549484253,0.8797135949134827,-0.012808977736858651,0.14814453125,0.012360053,0.23389931484125553,-3.757072475552559,0.0003,500,0.6196118593215942
137,775,52,1255.5833333333333,106496,-62.32765077380953,0.2,0.07627377659082413,0.8898979425430298,-0.007641987732495181,0.13330078125,0.013256079,0.2063190384535119,-3.7181348517537116,0.0003,510,0.6130270957946777
137,789,53,1259.6352941176472,108544,-60.606385035294124,0.2,0.10405170917510986,0.8929792642593384,-0.01074943905696273,0.114306640625,0.009869965,0.20655910165514796,-3.6696335941553118,0.0003,520,0.6046881079673767
135,815,54,1267.4597701149426,110592,-57.53911551724138,0.2,0.08090990781784058,0.9069977402687073,-0.015111608800361864,0.173291015625,0.014418781,0.17347554748412222,-3.6088361710309984,0.0003,530,0.5951104164123535
135,831,55,1271.2386363636363,112640,-55.83776113636364,0.2,0.11870358139276505,0.9001019597053528,-0.00971047202765476,0.145068359375,0.013065686,0.22603654267732054,-3.5572075232863427,0.0003,540,0.5897179841995239
134,849,56,1274.9325842696628,114688,-54.25778489887641,0.2,0.06617829203605652,0.9082918763160706,-0.009873997277463787,0.1435546875,0.012183219,0.2008324455237016,-3.5290312349796293,0.0003,550,0.5856830477714539
135,864,57,1282.076923076923,116736,-50.952417373626375,0.2,0.022811129689216614,0.9178428649902344,-0.013210437075758818,0.1380859375,0.013317224,0.1902228858554736,-3.4954985000193117,0.0003,560,0.5800291895866394
135,879,58,1285.5326086956522,118784,-49.56805294565218,0.2,0.05282052233815193,0.8937095403671265,-0.013223293202463538,0.146142578125,0.009221498,0.21691489699296654,-3.464246717840433,0.0003,570,0.5761882662773132
134,895,59,1288.9139784946237,120832,-47.9335994623656,0.2,0.07030373811721802,0.9231752753257751,-0.00753061365976464,0.12890625,0.010895027,0.20825808306690305,-3.423670579493046,0.0003,580,0.5689509510993958
134,911,60,1292.223404255319,122880,-46.34116645744681,0.2,0.06440110504627228,0.9274725914001465,-0.01436787084385287,0.172314453125,0.014505943,0.20707965805195272,-3.3846548557281495,0.0003,590,0.5638470649719238
134,928,61,1298.6354166666667,124928,-42.955324177083334,0.2,0.11470533162355423,0.9164673089981079,-0.009677147332695313,0.117333984375,0.011003016,0.28094956651329994,-3.3359305113554,0.0003,600,0.5561985969543457
134,943,62,1301.7422680412371,126976,-41.2149227628866,0.2,0.057582538574934006,0.9441731572151184,-0.011608910327777267,0.135986328125,0.013173796,0.16848611554596574,-3.275324319303036,0.0003,610,0.5475119948387146
134,960,63,1304.7857142857142,129024,-39.72792751020408,0.2,0.14789846539497375,0.9252528548240662,-0.011715181992622092,0.146484375,0.0112739615,0.30586445177905264,-3.2347692057490347,0.0003,620,0.5439220070838928
134,974,64,1310.69,131072,-36.86573893,0.2,0.07719626277685165,0.9344187378883362,-0.012213287828490137,0.16376953125,0.013626208,0.3304123668000102,-3.215968086570501,0.0003,630,0.5418543815612793
134,987,65,1323.11,133120,-35.734292200000006,0.2,0.14657755196094513,0.8752893209457397,-0.01708709947124589,0.18671875,0.013657303,0.45162521130405364,-3.216740594059229,0.0003,640,0.5432242155075073
135,999,66,1331.03,135168,-32.902258970000005,0.2,1.5103269815444946,0.6951768398284912,-0.014487906228168868,0.108740234375,0.013692072,20.48712198883295,-3.226097586750984,0.0003,650,0.5446242690086365
135,1010,67,1335.12,137216,-30.907690520000003,0.2,15.39248275756836,0.8380943536758423,-0.007081262345309369,0.082080078125,0.0076815234,12.419002790562809,-3.2358994774520395,0.0003,660,0.545432984828949
136,1021,68,1350.06,139264,-28.63115837,0.2,2.7456836700439453,0.8470544815063477,-0.013019604393048213,0.109765625,0.011281514,15.291653925180436,-3.235866766422987,0.0003,670,0.5450078845024109
136,1033,69,1350.06,141312,-26.438192820000005,0.2,0.13171257078647614,0.8097131848335266,-0.009243310334568378,0.19638671875,0.014087678,0.31411723447963597,-3.2249815091490746,0.0003,680,0.5430654883384705
136,1046,70,1365.56,143360,-23.945612600000004,0.2,0.11436919867992401,0.9202426671981812,-0.008779964220593683,0.161572265625,0.013577334,0.16784369773231447,-3.2020186416804792,0.0003,690,0.5398550629615784
136,1061,71,1381.02,145408,-19.517955299999997,0.2,0.027431534603238106,0.946452796459198,-0.016476594901178032,0.217578125,0.01428684,0.15363030447624623,-3.147855219244957,0.0003,700,0.5310075283050537
137,1074,72,1375.46,147456,-18.788438659999997,0.2,0.10055980086326599,0.9278672933578491,-0.01340054716274608,0.180859375,0.017153665,0.23187228045426309,-3.09160085991025,0.0003,710,0.5238602757453918
137,1087,73,1375.46,149504,-13.97504561,0.2,13.93110179901123,0.8558230400085449,-0.010132291074842214,0.090283203125,0.010323034,14.222925963439048,-3.073802907764912,0.0003,720,0.5257629156112671
137,1099,74,1375.46,151552,-11.893477339999999,0.2,0.09833551943302155,0.7924918532371521,-0.011647607563645579,0.162744140625,0.012704878,0.37362416470423343,-3.044703957438469,0.0003,730,0.5161340832710266
138,1109,75,1390.85,153600,-9.469355120000001,0.2,0.09844110161066055,0.9341893792152405,-0.010536739093367942,0.193603515625,0.01316534,0.20589971845038235,-2.9956336759030817,0.0003,740,0.5134841203689575
138,1121,76,1414.53,155648,-5.865369520000002,0.2,0.12884604930877686,0.9195284843444824,-0.011119899628101847,0.159521484375,0.013830222,0.3005729586817324,-2.982936841994524,0.0003,750,0.5122497081756592
139,1133,77,1430.0,157696,-3.5426263799999993,0.2,0.16229508817195892,0.9006151556968689,-0.003785585073637776,0.1208984375,0.010995926,4.919780682679265,-2.97908191382885,0.0003,760,0.5126044750213623
139,1144,78,1445.3,159744,-0.8312909999999997,0.2,0.034437377005815506,0.9248086810112,-0.012305257382104173,0.1951171875,0.016451057,0.1704711995087564,-2.9670137599110604,0.0003,770,0.5094693899154663
140,1155,79,1433.74,161792,2.05302731,0.2,0.34403741359710693,0.9303104877471924,-0.009090053016552701,0.15087890625,0.018982943,0.8953179678414017,-2.943766425549984,0.0003,780,0.5067968368530273
140,1165,80,1406.28,163840,4.366225140000001,0.2,5.975414276123047,0.9080387353897095,-0.007439157576300204,0.13486328125,0.010430026,5.205363596137613,-2.9355552420020103,0.0003,790,0.5074016451835632
140,1176,81,1397.37,165888,7.003110830000001,0.2,2.301908493041992,0.9283974170684814,-0.009643061860697345,0.11318359375,0.011619472,18.04513673223555,-2.936969667673111,0.0003,800,0.50747150182724
140,1198,82,1412.65,167936,12.07044631,0.2,5.265778064727783,0.90654456615448,-0.007573243952356279,0.137109375,0.011814074,13.761630742996932,-2.9373252339661122,0.0003,810,0.5076370239257812
140,1213,83,1422.61,169984,13.530212939999998,0.2,0.19047664105892181,0.8243180513381958,-0.008268530381610618,0.20302734375,0.0142032895,0.4322252692654729,-2.924665333330631,0.0003,820,0.5043702721595764
140,1224,84,1431.87,172032,16.86140535,0.2,5.9067206382751465,0.9466244578361511,-0.004331811927841045,0.112939453125,0.00901369,10.452302807942033,-2.9126293547451496,0.0003,830,0.5050345659255981
140,1235,85,1431.87,174080,19.122758179999998,0.2,0.5372500419616699,0.9261536598205566,-0.006182286998955533,0.12666015625,0.010470808,11.85607866924256,-2.907202388346195,0.0003,840,0.5028396844863892
141,1246,86,1410.77,176128,21.94939799,0.2,0.4670306146144867,0.7205092906951904,-0.004912220963160507,0.214892578125,0.017638374,1.0962642627302557,-2.884869237989187,0.0003,850,0.500207245349884
141,1258,87,1410.77,178176,24.35325918,0.2,5.868263244628906,0.9346568584442139,-0.0071827389736427,0.09404296875,0.008819552,11.410259807109833,-2.8726324155926704,0.0003,860,0.4985756278038025
141,1269,88,1410.77,180224,26.77753179,0.2,0.17296016216278076,0.7350276708602905,-0.007682539899542462,0.20263671875,0.016911123,0.5795680020004511,-2.8380170561373235,0.0003,870,0.49324938654899597
142,1281,89,1392.01,182272,30.25787041,0.2,0.11169005930423737,0.8471421599388123,-0.012060098345682491,0.24150390625,0.020489506,0.5146453301887959,-2.801892126351595,0.0003,880,0.4892968535423279
142,1293,90,1380.56,184320,32.48081509,0.2,2.299478769302368,0.8757417798042297,-0.0031500043318374083,0.1134765625,0.007880675,7.0486262936145065,-2.789947326481342,0.0003,890,0.48982542753219604
142,1304,91,1367.5,186368,34.83129529,0.2,7.190525531768799,0.8824408650398254,-0.005820303823566064,0.098681640625,0.0097300485,22.558802789449693,-2.79603730738163,0.0003,900,0.4902808964252472
143,1315,92,1352.73,188416,36.9437878,0.2,2.843127727508545,0.9185531139373779,-0.008299707836704329,0.14296875,0.012816642,12.734238673001528,-2.788139757514,0.0003,910,0.48840266466140747
143,1327,93,1335.48,190464,37.8099257,0.2,0.8919088244438171,0.9058516025543213,-0.004619076254311949,0.15146484375,0.00975924,12.766018156893551,-2.7783328250050543,0.0003,920,0.4878387153148651
143,1341,94,1335.48,192512,39.93299691,0.2,7.221117973327637,0.9409430027008057,-0.009949706625775434,0.127978515625,0.013235178,17.684409828484057,-2.7801854640245436,0.0003,930,0.4896007776260376
143,1356,95,1335.48,194560,43.83931033000001,0.2,0.26310431957244873,0.4309648871421814,-0.006248887430410832,0.185302734375,0.014796812,1.1114940986968578,-2.778084768354893,0.0003,940,0.48836928606033325
143,1372,96,1335.48,196608,45.93769769000001,0.2,0.2990664839744568,0.8687559366226196,-0.007897575836977921,0.192724609375,0.017424408,0.40962074836716056,-2.7675022676587107,0.0003,950,0.4865194261074066
142,1389,97,1330.51,198656,47.588849660000015,0.2,0.1002371609210968,0.915071964263916,-0.012034531074459665,0.2107421875,0.017855445,0.24333278881385922,-2.7325263015925882,0.0003,960,0.48063433170318604
142,1407,98,1330.51,200704,49.691634840000006,0.2,6.896649360656738,0.8877630829811096,-0.00765974891546648,0.106396484375,0.008990337,20.407489638403057,-2.7117148764431476,0.0003,970,0.48112455010414124
142,1425,99,1330.51,202752,51.72755307000001,0.2,0.35187625885009766,0.7282774448394775,-0.00961421091487864,0.180078125,0.013020776,0.6524066526908427,-2.680380406230688,0.0003,980,0.47347086668014526
142,1440,100,1330.51,204800,53.731975309999996,0.2,0.1499953716993332,0.8648024797439575,-0.012605312239611522,0.217529296875,0.016808739,0.3497762653976679,-2.620786679536104,0.0003,990,0.46714282035827637
141,1457,101,1330.51,206848,57.399670699999994,0.2,0.1978381872177124,0.799941897392273,-0.01119140304508619,0.201416015625,0.01727952,0.57771001663059,-2.5850966311991215,0.0003,1000,0.46423399448394775
141,1473,102,1320.74,208896,59.2372782,0.2,0.08328288793563843,0.8779259920120239,-0.008633318811189384,0.16953125,0.01635326,0.32292837630957366,-2.553667502105236,0.0003,1010,0.4604138135910034
141,1489,103,1320.74,210944,61.03682019,0.2,1.6147770881652832,0.9300985336303711,-0.00923002109338995,0.144091796875,0.01315367,3.2335008285939693,-2.5453871220350264,0.0003,1020,0.4621277153491974
141,1505,104,1320.74,212992,62.83256684,0.2,0.04826367646455765,0.7619603872299194,-0.009292029502103106,0.18994140625,0.016079657,0.32028432404622437,-2.5385549776256084,0.0003,1030,0.4586692750453949
141,1521,105,1320.74,215040,64.44845505,0.2,0.0929202064871788,0.9153774976730347,-0.013996606899308973,0.191650390625,0.015213639,0.2739224175689742,-2.5033397026360036,0.0003,1040,0.4546542167663574
141,1537,106,1304.3,217088,65.42281906,0.2,0.2478083074092865,0.8909807205200195,-0.011361551481240895,0.16240234375,0.013905842,0.3914521195925772,-2.4778771795332433,0.0003,1050,0.45200884342193604
141,1553,107,1304.3,219136,67.10041984,0.2,2.101069927215576,0.9305726885795593,-0.008923173787479755,0.093408203125,0.011291768,5.085792638733983,-2.4695595271885393,0.0003,1060,0.4521736800670624
140,1569,108,1297.5,221184,68.25184210999998,0.2,0.041456952691078186,0.8283765316009521,-0.012397571082692594,0.18974609375,0.014319835,0.31210526269860567,-2.43580112606287,0.0003,1070,0.44510626792907715
140,1584,109,1303.71,223232,70.45892072999999,0.2,1.6890419721603394,0.9617039561271667,-0.009548611941863783,0.1708984375,0.012131184,3.4992171487770976,-2.4085965432226657,0.0003,1080,0.4455466866493225
140,1599,110,1298.73,225280,70.18099011999999,0.2,3.250387668609619,0.9201734662055969,-0.005940719289355911,0.098388671875,0.010096994,12.701781592518092,-2.4184256181120873,0.0003,1090,0.44673624634742737
140,1614,111,1298.73,227328,71.51268457,0.2,1.5501582622528076,0.9126797318458557,-0.008465735985373613,0.096240234375,0.010334577,12.112284034863114,-2.4228339374065397,0.0003,1100,0.44624847173690796
140,1630,112,1285.31,229376,72.57635115,0.2,0.06170843541622162,0.3538097143173218,-0.01062864538980648,0.2291015625,0.017263524,0.4850851592607796,-2.3876670695841313,0.0003,1110,0.4404560327529907
140,1645,113,1258.32,231424,69.73066219000002,0.2,2.1848466396331787,0.9072993397712708,-0.00810284801700618,0.178857421875,0.014616097,12.609592100605369,-2.369444917142391,0.0003,1120,0.44261300563812256
140,1661,114,1258.32,233472,70.63448132,0.2,6.3334641456604,0.8292872905731201,-0.0075769320654217156,0.06005859375,0.0066881715,53.106802673637866,-2.3802267014980316,0.0003,1130,0.44269615411758423
140,1676,115,1258.32,235520,71.68882207,0.2,0.23034554719924927,0.6665393114089966,-0.015082799308584072,0.241162109375,0.019266361,0.6499732566066087,-2.3395082376897336,0.0003,1140,0.4353407025337219
140,1692,116,1254.1,237568,72.15221795,0.2,0.24981321394443512,0.852998673915863,-0.006419244462449569,0.186083984375,0.016454132,0.711204594001174,-2.312900134921074,0.0003,1150,0.43516138195991516
140,1707,117,1239.71,239616,70.11619972999999,0.2,0.5005886554718018,0.9025129675865173,-0.004664888541446999,0.124951171875,0.010536149,8.519526200555266,-2.31011673361063,0.0003,1160,0.43399903178215027
140,1722,118,1227.54,241664,69.17709373999999,0.2,2.107262372970581,0.9632127285003662,-0.008354437454545404,0.087353515625,0.0064756908,9.01316395998001,-2.3009350806474687,0.0003,1170,0.4331994950771332
140,1738,119,1210.69,243712,66.72794176,0.2,1.0023107528686523,0.9557592868804932,-0.008640309088514186,0.12626953125,0.011268297,8.660291782021522,-2.299610863626003,0.0003,1180,0.43317750096321106
139,1759,120,1193.28,245760,63.88937192999999,0.2,9.605775833129883,0.946465253829956,-0.007867800380336121,0.102685546875,0.011978694,16.825189228355885,-2.298229017108679,0.0003,1190,0.4332386255264282
139,1772,121,1180.75,247808,61.99283826999999,0.2,28.351465225219727,0.8968073725700378,-0.010889949894044548,0.126513671875,0.011550173,28.47469634115696,-2.2941880740225313,0.0003,1200,0.43254461884498596
139,1786,122,1180.75,249856,62.582096359999994,0.2,27.254831314086914,0.9339892864227295,-0.007392471322964412,0.158349609375,0.012488738,15.941911272704601,-2.279563943296671,0.0003,1210,0.42932015657424927
139,1801,123,1196.21,251904,65.33245671,0.2,0.402190238237381,0.3556637167930603,-0.009075926104560494,0.2255859375,0.021793002,0.9839357583783567,-2.227027640491724,0.0003,1220,0.4231245815753937
207,9,1,1198.8,253952,64.48344407,0.2,0.17109377682209015,0.8378667235374451,-0.009073905998957344,0.21953125,0.022493107,0.3699683304876089,-2.18744186013937,0.0003,1230,0.42066407203674316
170,24,2,1198.8,256000,62.68427864000001,0.2,0.1144181564450264,0.6101126670837402,-0.009617364086443559,0.191455078125,0.014410146,0.7216778745874762,-2.177721298485994,0.0003,1240,0.41955095529556274
155,39,3,1175.08,258048,59.42998668999999,0.2,0.2965098023414612,0.8867747783660889,-0.014980291530082467,0.197509765625,0.015938662,0.769212232157588,-2.144803235679865,0.0003,1250,0.41452741622924805
150,54,4,1162.78,260096,55.316739420000005,0.2,11.789854049682617,0.5839830636978149,-0.006447601999389008,0.08837890625,0.006859779,69.73002586215735,-2.119768016040325,0.0003,1260,0.41390088200569153
147,69,5,1146.47,262144,50.33851485000001,0.2,20.033618927001953,0.7479163408279419,-0.006949852174147964,0.049755859375,0.004975929,43.1792684584856,-2.1163150012493133,0.0003,1270,0.4134499132633209
145,84,6,1077.14,264192,38.89636977,0.2,56.44040298461914,0.7989006042480469,-0.007406970497686416,0.07353515625,0.005411773,57.427928027510646,-2.1141309797763825,0.0003,1280,0.41356202960014343
143,99,7,1039.42,266240,32.28319407,0.2,31.855154037475586,0.8411025404930115,-0.007151146611431613,0.035400390625,0.00532501,79.11149916648864,-2.113162725418806,0.0003,1290,0.41319966316223145
142,114,8,1040.7,268288,30.601994319999996,0.2,11.675782203674316,0.8186013698577881,-0.0068732532701687886,0.079150390625,0.00837711,57.697764763236044,-2.1113710470497606,0.0003,1300,0.4134080410003662
141,129,9,1041.41,270336,28.537478719999996,0.2,11.5897798538208,0.7270346879959106,-0.007801186107099056,0.145458984375,0.013979158,40.7967149913311,-2.1177546471357345,0.0003,1310,0.41469210386276245
141,145,10,1040.5,272384,25.39123081999999,0.2,2.4485533237457275,0.8484792113304138,-0.006850597271113657,0.1583984375,0.010278,11.641657757759095,-2.1129738584160807,0.0003,1320,0.41222700476646423
140,159,11,1040.5,274432,23.35654548,0.2,17.858348846435547,0.7234418392181396,-0.012183337137685157,0.28203125,0.029227093,20.65831235125661,-2.1143583469092846,0.0003,1330,0.4144321084022522
140,174,12,1060.14,276480,23.902562230000004,0.2,0.42294615507125854,0.03497117757797241,-0.007742673312895932,0.265380859375,0.025134,1.7270907481200992,-2.1058468006551267,0.0003,1340,0.409865140914917
140,189,13,1029.59,278528,18.271701820000004,0.2,5.273048400878906,0.7847127914428711,-0.00494793449761346,0.1958984375,0.021918293,7.581235198304057,-2.080413771420717,0.0003,1350,0.4100677967071533
140,204,14,1029.94,280576,16.281704620000006,0.2,4.972747325897217,0.842216432094574,-0.0068543710498488505,0.123681640625,0.01051929,30.71233579777181,-2.080188478529453,0.0003,1360,0.41048964858055115
139,219,15,999.35,282624,9.003916590000003,0.2,6.169038772583008,0.7958030104637146,-0.00447511744860094,0.15107421875,0.016973425,10.331436578929424,-2.091715098917484,0.0003,1370,0.41190028190612793
139,234,16,1002.79,284672,9.05374791,0.2,20.273954391479492,0.9036365747451782,-0.008515677499235607,0.13828125,0.011075105,33.15017288029194,-2.0939261466264725,0.0003,1380,0.4107043743133545
139,249,17,1002.92,286720,8.236246849999997,0.2,1.8160295486450195,0.7753061652183533,-0.008931682383990846,0.169677734375,0.015926529,16.79595456570387,-2.0776691541075705,0.0003,1390,0.40893101692199707
139,264,18,982.08,288768,1.773345369999998,0.2,28.175920486450195,0.6503702402114868,-0.006981864041881636,0.19140625,0.017359426,42.85572737529874,-2.0675896726548673,0.0003,1400,0.4090003967285156
139,279,19,929.54,290816,-7.168100389999999,0.2,29.589859008789062,0.79609215259552,-0.007832632400095463,0.091259765625,0.009533156,68.11230022907257,-2.06866347938776,0.0003,1410,0.4093565344810486
139,294,20,892.08,292864,-14.56227191,0.2,44.87570571899414,0.7724871039390564,-0.009364102929248474,0.10244140625,0.011564851,54.74940565228462,-2.0637037694454192,0.0003,1420,0.40800172090530396
139,309,21,879.0,294912,-18.79095621,0.2,14.87427806854248,0.8588793277740479,-0.013379708447610028,0.136669921875,0.01306295,30.823756486177444,-2.0499370843172073,0.0003,1430,0.4069758653640747
138,324,22,881.07,296960,-21.547226160000005,0.2,1.9830241203308105,0.9175963401794434,-0.012242065547616221,0.20107421875,0.01732713,12.75482148528099,-2.04332502707839,0.0003,1440,0.40646371245384216
138,339,23,826.02,299008,-34.290734699999994,0.2,9.771204948425293,0.9138599634170532,-0.008011939135030843,0.19228515625,0.014570669,15.848250993713737,-2.0283721171319486,0.0003,1450,0.40417739748954773
138,354,24,813.96,301056,-38.01691442,0.2,17.34346580505371,0.8429670929908752,-0.0040864964190404866,0.134375,0.013060061,38.14435172975063,-2.0211789973080156,0.0003,1460,0.40437862277030945
138,369,25,813.96,303104,-40.47418634,0.2,6.85899019241333,0.8471486568450928,-0.009981647031963803,0.201171875,0.01394285,15.124896948039531,-2.0391789600253105,0.0003,1470,0.40718066692352295
138,384,26,787.55,305152,-45.50967194,0.2,1.4983971118927002,-0.26745808124542236,-0.0038343068328686057,0.30263671875,0.027235787,2.6608388468623163,-2.0444630429148676,0.0003,1480,0.4058837294578552
138,399,27,766.76,307200,-53.316429420000006,0.2,15.145855903625488,0.9175764918327332,-0.012128140148706733,0.142822265625,0.012250428,27.996679179370403,-2.0309473484754563,0.0003,1490,0.40563440322875977
138,414,28,773.27,309248,-53.751245739999995,0.2,37.96240997314453,0.8007001876831055,-0.010102181212278082,0.101025390625,0.011626386,43.488045969605444,-2.0308674313127995,0.0003,1500,0.4057498574256897
138,429,29,788.34,311296,-54.54214628999999,0.2,0.5135512351989746,-0.7113544940948486,-0.0002747776510659605,0.2798828125,0.026093172,1.9160732934251428,-2.0492733493447304,0.0003,1510,0.40852051973342896
138,444,30,788.34,313344,-57.084938199999996,0.2,0.6586256623268127,0.5417836904525757,-0.008113035297719761,0.196533203125,0.018724587,17.206873629614712,-2.0622032575309275,0.0003,1520,0.4089738130569458
137,460,31,788.34,315392,-59.70240359,0.2,0.5096527934074402,0.6709930896759033,-0.008960999213741161,0.249560546875,0.022826787,1.4223092002794147,-2.0516821436583994,0.0003,1530,0.40652891993522644
137,475,32,771.14,317440,-64.69095267,0.2,0.19717338681221008,0.6046677827835083,-0.013138365215854719,0.23154296875,0.020584155,0.6397711875848472,-1.997370483353734,0.0003,1540,0.3991985023021698
137,490,33,763.95,319488,-67.08048707,0.2,2.9941110610961914,0.7949295043945312,-0.00763610903522931,0.136328125,0.010141764,24.294883707910778,-1.966322274506092,0.0003,1550,0.39920535683631897
137,505,34,767.67,321536,-67.3050866,0.2,17.7662296295166,0.8336137533187866,-0.01022014430782292,0.13095703125,0.011544999,16.766020331904294,-1.9631487108767032,0.0003,1560,0.39904600381851196
137,520,35,744.87,323584,-72.36725335999999,0.2,1.8835831880569458,0.6850566864013672,-0.00668632953602355,0.113623046875,0.0103941765,18.47452007755637,-1.9586550291627645,0.0003,1570,0.39848440885543823
137,535,36,736.74,325632,-76.82240312,0.2,8.742754936218262,0.8621087074279785,-0.00799615733558312,0.06611328125,0.0069982014,35.97925933599472,-1.9571995880454778,0.0003,1580,0.39863014221191406
137,550,37,709.3,327680,-77.15724171,0.2,1.6519793272018433,0.9359727501869202,-0.010303262172965334,0.144921875,0.015153838,13.498466585576534,-1.945840062201023,0.0003,1590,0.39624130725860596
137,564,38,717.19,329728,-76.39779813,0.2,2.7652087211608887,0.8529946208000183,-0.013437059242278337,0.1607421875,0.014002401,19.807209745794534,-1.9291559424251319,0.0003,1600,0.39545971155166626
137,579,39,723.53,331776,-76.34062508,0.2,8.656681060791016,0.9315594434738159,-0.009870980819687247,0.117529296875,0.011851907,23.47459423318505,-1.9133073553442954,0.0003,1610,0.39349687099456787
137,595,40,714.94,333824,-75.29443684,0.2,0.6446449160575867,-0.1590665578842163,-0.006953471625456587,0.2470703125,0.020768352,1.808516139909625,-1.9092742010951043,0.0003,1620,0.39477720856666565
137,610,41,724.14,335872,-73.54750243999999,0.2,0.846318781375885,0.8055377006530762,-0.00887273614644073,0.1916015625,0.014869479,7.31301676146686,-1.8997878082096578,0.0003,1630,0.3924620449542999
137,625,42,738.43,337920,-73.54961078,0.2,35.30894088745117,0.8609707951545715,-0.007191493242862635,0.09560546875,0.00858544,60.85886805057525,-1.885987402126193,0.0003,1640,0.3922504186630249
137,640,43,745.12,339968,-73.92792931000001,0.2,0.2793062925338745,0.30124515295028687,-0.008621925010811538,0.265625,0.02602456,0.8416459948755801,-1.8741194561123848,0.0003,1650,0.39101293683052063
138,651,44,759.39,342016,-73.93254568000002,0.2,2.022665023803711,0.8696502447128296,-0.008565428201109171,0.1609375,0.011816767,11.735089075192809,-1.8740125209093095,0.0003,1660,0.3912123441696167
139,661,45,761.36,344064,-74.92078054000001,0.2,1.1410001516342163,0.3710829019546509,-0.012202874902868643,0.193408203125,0.017703235,2.6999571792781354,-1.8573926795274018,0.0003,1670,0.38729289174079895
140,669,46,773.75,346112,-73.97053679000001,0.2,10.179030418395996,0.8740187287330627,-0.011198768758913503,0.150830078125,0.01180548,16.96666969768703,-1.8330615319311618,0.0003,1680,0.3867288827896118
141,677,47,784.46,348160,-73.75187505,0.2,0.293722003698349,0.7217786312103271,-0.008057793117768598,0.244921875,0.017883878,0.9739692763425409,-1.816411517187953,0.0003,1690,0.3834072947502136
143,686,48,770.78,350208,-72.39185829,0.2,10.427106857299805,0.7171133756637573,-0.004578768403735012,0.156884765625,0.013906669,14.264916783943772,-1.7947279367595912,0.0003,1700,0.3821917772293091
144,696,49,766.84,352256,-73.28736533,0.2,0.820838451385498,0.7600477337837219,-0.007206621280056424,0.190771484375,0.01215785,15.61716893054545,-1.7891938991844654,0.0003,1710,0.3826557397842407
145,704,50,766.84,354304,-73.22831049,0.2,6.121889591217041,0.7904007434844971,-0.008066733120358549,0.161474609375,0.020594822,10.792834229022265,-1.7920654866844417,0.0003,1720,0.382939875125885
146,712,51,781.17,356352,-72.29371900000001,0.2,0.7195614576339722,0.7616828680038452,-0.009951954701682553,0.231982421875,0.01955788,1.6471278136596084,-1.809748301282525,0.0003,1730,0.3854597806930542
147,720,52,780.34,358400,-71.50017706,0.2,5.716920375823975,0.8227367997169495,-0.010130539030069486,0.139501953125,0.012466405,31.179611138254405,-1.8117227111011744,0.0003,1740,0.38370054960250854
148,728,53,777.73,360448,-71.47760413,0.2,1.4461474418640137,0.8847836852073669,-0.0075826132000656795,0.135546875,0.010832233,18.190861847251654,-1.7979935325682164,0.0003,1750,0.38238781690597534
150,736,54,783.48,362496,-71.84221645,0.2,44.64030075073242,0.86474609375,-0.007265657374227885,0.087548828125,0.008031546,47.271236923336986,-1.790997725725174,0.0003,1760,0.3822271227836609
151,744,55,786.63,364544,-73.41139738,0.2,2.227703332901001,0.6264216899871826,-0.00805396268988261,0.154638671875,0.014564631,8.09949062615633,-1.7860555473715067,0.0003,1770,0.3809797763824463
152,752,56,800.06,366592,-73.08932739,0.2,2.2196671962738037,0.8801441788673401,-0.004090461868327111,0.177294921875,0.014739063,8.027379618212581,-1.778095829486847,0.0003,1780,0.3811948299407959
153,759,57,801.69,368640,-73.13179951000001,0.2,0.25636908411979675,0.45526206493377686,-0.00871277391561307,0.27138671875,0.02668152,1.170523569267243,-1.8272567048668862,0.0003,1790,0.3881168067455292
154,767,58,822.81,370688,-73.11510217,0.2,3.7788000106811523,0.7855111956596375,-0.01075647015532013,0.158154296875,0.01137311,41.54331847727299,-1.8573555447161199,0.0003,1800,0.38859543204307556
156,774,59,832.35,372736,-72.66578086,0.2,2.24828839302063,0.9546051621437073,-0.007062452816171572,0.173974609375,0.0133933,3.616681526042521,-1.8343395251780747,0.0003,1810,0.38387054204940796
157,781,60,830.57,374784,-73.16665536000001,0.2,21.280460357666016,0.9280273914337158,-0.007754673506133259,0.10205078125,0.009463928,36.060321322083475,-1.8027048487216235,0.0003,1820,0.38286566734313965
158,789,61,844.37,376832,-72.58015379,0.2,1.9518272876739502,0.9167608618736267,-0.011593414668459446,0.153076171875,0.012062046,12.833590624108911,-1.7963248383253814,0.0003,1830,0.3825390040874481
159,796,62,856.9,378880,-72.80648302,0.2,3.0143532752990723,0.9303421974182129,-0.00930784572265111,0.128857421875,0.014920456,15.931924460083247,-1.795086759701371,0.0003,1840,0.3823562562465668
160,803,63,834.9,380928,-72.9207902,0.2,2.9400551319122314,0.9141300916671753,-0.011727915316441795,0.155419921875,0.012572271,17.941686134040356,-1.7956319082528354,0.0003,1850,0.3832114338874817
161,810,64,839.41,382976,-72.47101255999999,0.2,23.045494079589844,0.947160542011261,-0.012003670021658763,0.136474609375,0.01396676,21.519369496405126,-1.7934493348002434,0.0003,1860,0.38209813833236694
163,816,65,848.41,385024,-73.00070384,0.2,1.5424926280975342,0.9569123387336731,-0.00820773332961835,0.226513671875,0.021185571,4.391803908348083,-1.8235656589269638,0.0003,1870,0.3877246379852295
164,823,66,877.31,387072,-72.27293441,0.2,10.547484397888184,0.935479998588562,-0.00921836604247801,0.15908203125,0.013231623,16.65205576568842,-1.8419534698128701,0.0003,1880,0.3864535093307495
165,829,67,876.58,389120,-72.25425649,0.2,1.742777943611145,0.2984619140625,-0.006373573406017385,0.234375,0.029543573,4.706884736567735,-1.8187548521906138,0.0003,1890,0.38398921489715576
166,835,68,870.59,391168,-72.00123821,0.2,5.201616287231445,0.9330810904502869,-0.014934750861721113,0.199462890625,0.015372877,12.424979580938816,-1.8135479252785445,0.0003,1900,0.38487672805786133
167,842,69,864.53,393216,-72.09927922000001,0.2,17.200733184814453,0.8901717066764832,-0.011043795946170576,0.158447265625,0.019351706,33.77034514993429,-1.8101969555020332,0.0003,1910,0.38297271728515625
168,848,70,864.08,395264,-72.75711668000001,0.2,16.37092399597168,0.9246037006378174,-0.010948911591549404,0.193798828125,0.016265888,21.07356289178133,-1.792609053105116,0.0003,1920,0.38177210092544556
169,856,71,858.04,397312,-72.21606166999999,0.2,0.5174337029457092,-0.028769493103027344,-0.006100212185992859,0.352734375,0.03251885,23.45027146935463,-1.7907353471964598,0.0003,1930,0.38310766220092773
171,862,72,844.7,399360,-71.68345436999999,0.2,3.3783607482910156,0.9355977177619934,-0.008539183856919407,0.183837890625,0.017305693,7.36197767034173,-1.8089126653969287,0.0003,1940,0.3846108317375183
172,868,73,838.17,401408,-71.85416162999998,0.2,0.1884097456932068,0.9573445916175842,-0.007476454417337663,0.268408203125,0.023483733,1.4925338355824351,-1.7997611489146947,0.0003,1950,0.38208985328674316
173,875,74,850.98,403456,-70.67387163999999,0.2,7.138933181762695,0.9513885378837585,-0.010237876872997731,0.196240234375,0.014501058,5.126835604198277,-1.7865066640079021,0.0003,1960,0.3811594843864441
174,881,75,864.37,405504,-69.97226581,0.2,8.600811958312988,0.6423264145851135,-0.009220298269065097,0.193603515625,0.021605618,13.291466511040927,-1.7825957749038934,0.0003,1970,0.3806762099266052
175,887,76,850.08,407552,-71.69543641,0.2,10.759532928466797,0.9310853481292725,-0.008119065125356428,0.095654296875,0.008979898,19.15740987062454,-1.7796719010919333,0.0003,1980,0.3808738887310028
176,893,77,870.15,409600,-72.00339659,0.2,3.8563945293426514,0.9481172561645508,-0.01009795134596061,0.16826171875,0.014212305,15.615048579871655,-1.7675994031131268,0.0003,1990,0.378604531288147
177,900,78,873.03,411648,-72.10192167,0.2,4.4722208976745605,0.8528709411621094,-0.00979156508401502,0.10634765625,0.011154942,30.326181399822236,-1.760130976140499,0.0003,2000,0.3795849680900574
178,907,79,877.39,413696,-73.70892273999999,0.2,16.965129852294922,0.9044396877288818,-0.009215696720639243,0.124609375,0.01237472,20.77130790054798,-1.7742244090884924,0.0003,2010,0.38077259063720703
179,913,80,866.32,415744,-73.96472942999999,0.2,2.462698459625244,0.9024733304977417,-0.009555099630961194,0.16748046875,0.016677285,16.676675725728273,-1.783612522855401,0.0003,2020,0.38140255212783813
180,919,81,866.32,417792,-73.73417955000001,0.2,17.970476150512695,0.7717248201370239,-0.008001388938282616,0.09423828125,0.008668965,57.279465064406395,-1.789940468221903,0.0003,2030,0.3815457820892334
181,925,82,868.14,419840,-74.95800175,0.2,0.6963703036308289,0.2687685489654541,-0.0057271702971775085,0.296044921875,0.023481688,1.858006277307868,-1.778831597417593,0.0003,2040,0.3799976110458374
182,931,83,875.34,421888,-75.31582942,0.2,0.5628832578659058,0.9336584210395813,-0.01029504305915907,0.249609375,0.022663377,2.87069683149457,-1.7680642917752265,0.0003,2050,0.3788696825504303
183,937,84,888.66,423936,-75.09491504,0.2,4.6655354499816895,0.8359250426292419,-0.0074228448793292046,0.166748046875,0.012334658,10.116503670439124,-1.7525771755725146,0.0003,2060,0.37668782472610474
184,943,85,901.4,425984,-74.99238533000002,0.2,0.24742665886878967,-0.08916366100311279,-0.005028322151338216,0.27958984375,0.019694515,0.6796355630271137,-1.7316898312419653,0.0003,2070,0.37603849172592163
185,949,86,911.3,428032,-75.09759637,0.2,0.5845179557800293,0.682720959186554,-0.0072591360774822535,0.19541015625,0.01771866,8.106272306479514,-1.7201898846775294,0.0003,2080,0.37328124046325684
186,955,87,908.97,430080,-75.26761376,0.2,0.3596384525299072,-0.8002743721008301,-0.008652840435388498,0.213525390625,0.014346927,2.9046673896722495,-1.6807604502886533,0.0003,2090,0.36947596073150635
187,961,88,895.78,432128,-75.18272946,0.2,5.156917572021484,0.9017136693000793,-0.010665754674118944,0.1408203125,0.012293986,46.9867558836937,-1.6584405310451984,0.0003,2100,0.36859357357025146
188,967,89,909.8,434176,-74.57842217,0.2,23.509361267089844,0.4929963946342468,-0.01059960172569845,0.14443359375,0.013801304,16.58641750141978,-1.6586043667048216,0.0003,2110,0.3692159652709961
189,973,90,914.35,436224,-74.38850114,0.2,1.1293240785598755,0.3590834140777588,-0.011318894402938895,0.236474609375,0.018713275,3.2369480885565283,-1.6800577398389578,0.0003,2120,0.3724695146083832
190,979,91,879.39,438272,-76.16011261,0.2,0.4680958390235901,0.9531661868095398,-0.008109836222138256,0.255859375,0.026012773,1.885778709501028,-1.7069838486611844,0.0003,2130,0.37364813685417175
191,985,92,883.55,440320,-76.12802509,0.2,6.171682357788086,0.9197300672531128,-0.009007279697107151,0.131298828125,0.012963604,20.75472739264369,-1.7125872299075127,0.0003,2140,0.3740490674972534
192,991,93,871.41,442368,-76.82876289000001,0.2,18.319339752197266,0.7472803592681885,-0.00853853463777341,0.194384765625,0.019594643,13.148199609480798,-1.712654684484005,0.0003,2150,0.3736181855201721
193,996,94,885.48,444416,-76.71430203000001,0.2,3.306036949157715,0.8648747205734253,-0.01096263856306905,0.184521484375,0.015680961,16.641620185412467,-1.721631308272481,0.0003,2160,0.37493324279785156
194,1002,95,880.86,446464,-78.50945216,0.2,0.056016817688941956,-0.07007217407226562,-0.007080644063535146,0.28818359375,0.023378314,0.4540958400350064,-1.72111520729959,0.0003,2170,0.37291646003723145
194,1008,96,875.93,448512,-79.30864937,0.2,18.77665138244629,0.8410223722457886,-0.012116384162800387,0.160693359375,0.012240061,31.644636632502078,-1.7038384266197681,0.0003,2180,0.3730558753013611
195,1014,97,858.11,450560,-80.09743040999999,0.2,4.9302849769592285,0.9462669491767883,-0.009004337480291724,0.089501953125,0.00899469,13.533936576545239,-1.7014208573848009,0.0003,2190,0.3724592924118042
196,1020,98,855.14,452608,-78.95610396,0.2,17.128524780273438,0.8885783553123474,-0.009716788335936144,0.075390625,0.0071146237,37.210482113063335,-1.6956686984747649,0.0003,2200,0.3719296455383301
197,1026,99,862.46,454656,-78.16905684,0.2,0.7081668376922607,0.9480874538421631,-0.009212597922305577,0.151416015625,0.013583274,2.786162639781833,-1.6895147304981948,0.0003,2210,0.37095046043395996
198,1032,100,862.46,456704,-77.40506013,0.2,3.988792657852173,0.9184833765029907,-0.010924722626805305,0.18759765625,0.013746966,14.46145220026374,-1.6824123468250036,0.0003,2220,0.37152498960494995
199,1038,101,871.62,458752,-76.64428432999999,0.2,0.9344360828399658,0.41494619846343994,-0.011473823830601759,0.26708984375,0.025043774,2.1979384418576955,-1.6791203621774913,0.0003,2230,0.370376855134964
200,1043,102,878.1,460800,-77.49478955000001,0.2,13.317744255065918,0.8771802186965942,-0.00959515311405994,0.115625,0.010512859,21.228113716095685,-1.6774608168751002,0.0003,2240,0.3716285824775696
200,1050,103,874.55,462848,-76.22692415,0.2,8.124452590942383,0.9496262669563293,-0.006371863046661019,0.1470703125,0.013263807,10.98435603454709,-1.6742687948048114,0.0003,2250,0.36933934688568115
201,1055,104,886.93,464896,-75.50943298,0.2,3.7300312519073486,0.669126570224762,-0.011348842413281091,0.169091796875,0.013921846,18.024643102288245,-1.6574292082339526,0.0003,2260,0.3682881295681
202,1061,105,879.43,466944,-76.17911962,0.2,4.185917377471924,0.8205136656761169,-0.009200423695438076,0.231201171875,0.018825278,13.751028791442513,-1.6544689316302539,0.0003,2270,0.3688519597053528
203,1067,106,883.98,468992,-75.87767075,0.2,5.813168525695801,0.7927839159965515,-0.010730154238990508,0.1404296875,0.012154974,44.38678034543991,-1.6568246968090534,0.0003,2280,0.3687531352043152
204,1073,107,908.52,471040,-74.85212599,0.2,1.7376205921173096,0.809088945388794,-0.0030418132431805135,0.258544921875,0.028367985,6.198892486095429,-1.6564616460353137,0.0003,2290,0.36783912777900696
204,1079,108,870.19,473088,-75.36252077,0.2,13.91168212890625,0.828149676322937,-0.012598572656861507,0.19365234375,0.019505188,29.615670462697743,-1.6507076781243086,0.0003,2300,0.3687206506729126
205,1085,109,870.19,475136,-74.15316122,0.2,5.607776641845703,0.9020606279373169,-0.01245337317523081,0.163671875,0.013952604,37.15308580100536,-1.662039727717638,0.0003,2310,0.36970341205596924
206,1091,110,870.93,477184,-73.82098019,0.2,0.8515870571136475,0.5127761363983154,-0.007467091540456749,0.265185546875,0.027313676,2.755271989479661,-1.6833547927439212,0.0003,2320,0.37123167514801025
207,1097,111,884.37,479232,-73.67332125,0.2,1.3264530897140503,0.7877624034881592,-0.00836206650128588,0.223193359375,0.018561982,8.703023121133446,-1.702250950038433,0.0003,2330,0.3745409846305847
207,1104,112,898.04,481280,-73.77687365,0.2,0.19305643439292908,-0.487351655960083,-0.00783032065082807,0.3017578125,0.026330726,0.6590945055242627,-1.6965978637337684,0.0003,2340,0.37014058232307434
208,1110,113,909.81,483328,-73.34410213,0.2,1.6880751848220825,0.9056284427642822,-0.009753388733952307,0.213720703125,0.01588859,6.908248738572001,-1.680271653458476,0.0003,2350,0.3709883391857147
209,1116,114,898.94,485376,-73.03921713,0.2,1.088891625404358,0.8445504307746887,-0.009794656664598732,0.176953125,0.015686374,10.018969257362187,-1.6838030867278575,0.0003,2360,0.3709973096847534
209,1121,115,889.25,487424,-73.89339142,0.2,10.152853012084961,0.8826813697814941,-0.00873752434272319,0.082666015625,0.0083663,33.59335629492998,-1.677578805014491,0.0003,2370,0.3695943057537079
210,1127,116,881.78,489472,-73.25874312,0.2,4.246572971343994,0.9632740020751953,-0.015237796006840654,0.1212890625,0.013704742,13.783221665769815,-1.6585386473685504,0.0003,2380,0.36747220158576965
211,1133,117,894.3,491520,-74.07864278,0.2,11.223517417907715,0.8203246593475342,-0.009387095502461307,0.113623046875,0.012992542,24.775236887484787,-1.6483753100037575,0.0003,2390,0.3676709532737732
212,1139,118,908.85,493568,-73.86712871,0.2,7.642158508300781,0.8978230953216553,-0.009174619877012447,0.113623046875,0.012448313,14.238557974994183,-1.648417817428708,0.0003,2400,0.3681369423866272
212,1144,119,908.85,495616,-74.30979650999998,0.2,4.410551071166992,0.5811339616775513,-0.005234667684999294,0.16318359375,0.013010556,7.075661163777113,-1.6479117460548878,0.0003,2410,0.3674507141113281
213,1150,120,918.79,497664,-74.86243647,0.2,0.6470280289649963,-0.5620537996292114,-0.006196197765530087,0.29853515625,0.02965223,1.9289534527808427,-1.6154868427664042,0.0003,2420,0.3620504140853882
214,1156,121,920.89,499712,-74.98008521,0.2,3.5384716987609863,0.7274811267852783,-0.007584282947937027,0.195166015625,0.016854355,17.921862637996675,-1.5766097988933325,0.0003,2430,0.3598948121070862
215,1161,122,922.96,501760,-74.91266961000001,0.2,11.550468444824219,0.9347415566444397,-0.007868031779071315,0.271142578125,0.02903724,4.34725987687707,-1.5833143949508668,0.0003,2440,0.3629395365715027
215,1167,123,927.36,503808,-75.14351521,0.2,0.49783146381378174,-0.2770928144454956,-0.014589706194237806,0.266455078125,0.026782978,2.728187375329435,-1.6090576756745576,0.0003,2450,0.3640817701816559
