Wall time,Step,Value
1747698009.411586,4096,-1.3833585977554321
1747698014.7849722,6144,-1.3727048635482788
1747698019.6876884,8192,-1.355228304862976
1747698024.4869268,10240,-1.3413580656051636
1747698029.2391834,12288,-1.3256187438964844
1747698034.0942612,14336,-1.2864364385604858
1747698039.109278,16384,-1.2751773595809937
1747698043.8646593,18432,-1.2499183416366577
1747698048.8421266,20480,-1.245741605758667
1747698054.3933604,22528,-1.2897670269012451
1747698062.1050434,24576,-1.2203449010849
1747698069.4116337,26624,-1.1920485496520996
1747698076.6412182,28672,-1.1482816934585571
1747698084.4633796,30720,-1.1526235342025757
1747698091.2193618,32768,-1.1596176624298096
1747698098.0936513,34816,-1.1668118238449097
1747698105.640669,36864,-1.1149128675460815
1747698112.6919143,38912,-1.1891242265701294
1747698120.0542543,40960,-1.1698870658874512
1747698127.3642886,43008,-1.1093956232070923
1747698135.6226206,45056,-1.058802843093872
1747698143.407022,47104,-1.145095705986023
1747698151.2434287,49152,-1.0337841510772705
1747698159.3007643,51200,-1.1192177534103394
1747698167.7430043,53248,-1.0973771810531616
1747698175.29567,55296,-1.0656744241714478
1747698183.2946107,57344,-1.0348656177520752
1747698191.5241265,59392,-1.1037029027938843
1747698202.3447716,61440,-1.0300309658050537
1747698212.651257,63488,-1.076154112815857
1747698222.8615363,65536,-0.9873313307762146
1747698233.4394128,67584,-0.9635100364685059
1747698243.7265325,69632,-0.9699456691741943
1747698254.2889235,71680,-0.7641404271125793
1747698266.4881723,73728,-0.932122528553009
1747698281.610222,75776,-0.9517861604690552
1747698296.0951283,77824,-1.0138132572174072
1747698311.2587287,79872,-1.0337690114974976
1747698325.5320952,81920,-1.0170334577560425
1747698339.1231086,83968,-0.9202045202255249
1747698352.4373841,86016,-0.999564528465271
1747698365.7766113,88064,-1.0343016386032104
1747698379.5755572,90112,-1.050702691078186
1747698393.6264327,92160,-0.956518828868866
1747698407.7438312,94208,-1.0085537433624268
1747698426.0265026,96256,-0.8817181587219238
1747698442.6097622,98304,-0.9761363863945007
1747698457.8218782,100352,-1.0295864343643188
1747698473.3423383,102400,-0.8891749978065491
1747698488.3707519,104448,-0.8200096487998962
1747698504.328621,106496,-0.8736782670021057
1747698518.3818817,108544,-0.9034410119056702
1747698533.522753,110592,-0.9057341814041138
1747698548.1644251,112640,-0.9750337600708008
1747698562.522436,114688,-0.9351512789726257
1747698577.967458,116736,-0.9658589959144592
1747698601.034286,118784,-0.9742881059646606
1747698616.3648295,120832,-1.0315566062927246
1747698631.303434,122880,-0.9496834874153137
1747698646.2593694,124928,-0.9609334468841553
1747698663.9266942,126976,-0.9758390784263611
1747698681.7503424,129024,-0.9679590463638306
1747698698.3677788,131072,-0.915086567401886
1747698715.69562,133120,-0.9414664506912231
1747698733.5748012,135168,-0.9060394763946533
1747698751.536684,137216,-0.90082848072052
1747698767.9530547,139264,-0.8448484539985657
1747698783.7493725,141312,-0.776651918888092
1747698799.2456872,143360,-0.8380136489868164
1747698814.1771429,145408,-0.8819969892501831
1747698830.5689023,147456,-0.8536239862442017
1747698845.2856588,149504,-0.8816860914230347
1747698861.1198306,151552,-0.8633872866630554
1747698877.8211224,153600,-0.8581692576408386
1747698895.0320516,155648,-0.8923832774162292
1747698911.7074373,157696,-0.8714636564254761
1747698928.5332782,159744,-0.9218241572380066
1747698945.5755136,161792,-0.8746346831321716
1747698961.4796283,163840,-0.8385241627693176
1747698977.8018932,165888,-0.907652735710144
1747698993.5445044,167936,-0.8701522350311279
1747699009.0399926,169984,-0.8842545747756958
1747699024.7005403,172032,-0.9059231877326965
1747699041.8099747,174080,-0.8849945664405823
1747699057.2788014,176128,-0.8566663265228271
1747699072.1841674,178176,-0.9032677412033081
1747699087.1509602,180224,-0.8455153703689575
1747699102.1713095,182272,-0.839684784412384
1747699116.8212788,184320,-0.8787372708320618
1747699131.4784245,186368,-0.8823216557502747
1747699145.4967012,188416,-0.8498877286911011
1747699159.4397564,190464,-0.8845703601837158
1747699173.87949,192512,-0.8017387390136719
1747699189.7210555,194560,-0.7874893546104431
1747699204.903127,196608,-0.8010005950927734
1747699219.2034385,198656,-0.8366066813468933
1747699233.039967,200704,-0.8286311030387878
1747699246.215534,202752,-0.7715278267860413
1747699259.5886753,204800,-0.8276382088661194
1747699273.5458736,206848,-0.8068968057632446
1747699287.038826,208896,-0.7614246606826782
1747699301.2563083,210944,-0.7726778388023376
1747699314.7881694,212992,-0.8206967711448669
1747699327.9855309,215040,-0.7929744124412537
1747699343.050568,217088,-0.784541666507721
1747699357.313904,219136,-0.8303520083427429
1747699371.3993206,221184,-0.8082085251808167
1747699384.6438973,223232,-0.8244365453720093
1747699397.9660053,225280,-0.7388625741004944
1747699411.7849565,227328,-0.7527163624763489
1747699425.4963505,229376,-0.7634110450744629
1747699438.7269957,231424,-0.7958585023880005
1747699451.8344116,233472,-0.7844525575637817
1747699465.2150047,235520,-0.7558460235595703
1747699478.9952612,237568,-0.7952292561531067
1747699492.4626093,239616,-0.7824622988700867
1747699505.865307,241664,-0.7794249057769775
1747699519.4607306,243712,-0.7726076245307922
1747699532.8868887,245760,-0.7897678017616272
1747699546.4188526,247808,-0.7880882620811462
1747699560.1886046,249856,-0.7712526917457581
1747699574.2614312,251904,-0.8088024854660034
1747699592.6302867,253952,-0.8393293619155884
1747699606.0051932,256000,-0.780727207660675
1747699619.2427404,258048,-0.8213802576065063
1747699633.87549,260096,-0.7879369854927063
1747699647.4057078,262144,-0.8460226655006409
1747699660.7306688,264192,-0.8526859283447266
1747699674.0122962,266240,-0.8337060213088989
1747699687.2053232,268288,-0.8167478442192078
1747699701.258142,270336,-0.8190209865570068
1747699714.3973253,272384,-0.7620168924331665
1747699728.4209867,274432,-0.798254132270813
1747699741.869717,276480,-0.7797632217407227
1747699755.135567,278528,-0.7818158268928528
1747699768.3419745,280576,-0.7909648418426514
1747699781.0126526,282624,-0.8051478862762451
1747699793.998478,284672,-0.7678693532943726
1747699806.7948437,286720,-0.7458866834640503
1747699819.4915438,288768,-0.8039485216140747
1747699832.138767,290816,-0.7850173115730286
1747699844.990297,292864,-0.8301610350608826
1747699857.7596397,294912,-0.7961593270301819
1747699870.4568806,296960,-0.776604950428009
1747699883.1203287,299008,-0.7755888104438782
1747699895.8563328,301056,-0.7850135564804077
1747699908.4834886,303104,-0.7978425025939941
1747699921.2470906,305152,-0.8033831119537354
1747699934.19059,307200,-0.7611286640167236
1747699947.1330044,309248,-0.8086130023002625
1747699960.4064927,311296,-0.7988741993904114
1747699973.5741644,313344,-0.8237191438674927
1747699986.6131423,315392,-0.7648484706878662
1747699999.7110565,317440,-0.7750269770622253
1747700012.505284,319488,-0.7886703610420227
1747700025.4907193,321536,-0.7573927044868469
1747700038.6186519,323584,-0.771192193031311
1747700052.0110884,325632,-0.7985848784446716
1747700065.458475,327680,-0.7480319142341614
1747700079.2792006,329728,-0.7668206095695496
1747700096.6822977,331776,-0.7865102887153625
1747700113.4695983,333824,-0.7681089043617249
1747700126.9473526,335872,-0.797626256942749
1747700141.4237146,337920,-0.78270423412323
1747700154.2803264,339968,-0.7571872472763062
1747700167.8359413,342016,-0.7688010931015015
1747700181.4657362,344064,-0.7155386209487915
1747700196.5971217,346112,-0.7532004117965698
1747700211.013172,348160,-0.7327362298965454
1747700224.9318843,350208,-0.7745224237442017
1747700238.812592,352256,-0.7493830919265747
1747700253.0418906,354304,-0.7788763642311096
1747700267.4510858,356352,-0.6661383509635925
1747700281.0766244,358400,-0.785758912563324
1747700294.119437,360448,-0.7295070290565491
1747700307.3812242,362496,-0.7850019931793213
1747700320.5032418,364544,-0.7170042991638184
1747700333.7983744,366592,-0.744844913482666
1747700346.899512,368640,-0.6820594072341919
1747700359.8931742,370688,-0.7588725090026855
1747700373.08795,372736,-0.6981175541877747
1747700385.7918537,374784,-0.6917595267295837
1747700398.6841533,376832,-0.6904090046882629
1747700412.471392,378880,-0.6997008323669434
1747700426.2582939,380928,-0.7330976128578186
1747700439.6730914,382976,-0.7406421303749084
1747700452.6670115,385024,-0.6792522072792053
1747700465.9512618,387072,-0.6938480138778687
1747700479.994816,389120,-0.7580869793891907
1747700495.2130263,391168,-0.6188375949859619
1747700509.2039196,393216,-0.6659337282180786
1747700522.651289,395264,-0.7307221293449402
1747700536.077019,397312,-0.71047443151474
1747700549.6430044,399360,-0.6838762164115906
1747700563.0334556,401408,-0.6917184591293335
1747700576.3863776,403456,-0.6779561638832092
1747700589.4120617,405504,-0.7362223267555237
1747700603.176605,407552,-0.7456502318382263
1747700616.8511713,409600,-0.7376477718353271
1747700630.1068168,411648,-0.7173489928245544
1747700643.2739754,413696,-0.7119970321655273
1747700656.2713509,415744,-0.7096903324127197
1747700669.2696433,417792,-0.7093778252601624
1747700682.1931968,419840,-0.7124481797218323
1747700694.8314886,421888,-0.7333661317825317
1747700707.9134076,423936,-0.6879894137382507
1747700720.996035,425984,-0.709757387638092
1747700733.975019,428032,-0.693091869354248
1747700746.8476098,430080,-0.7097364068031311
1747700759.688099,432128,-0.7003211379051208
1747700772.6667948,434176,-0.6726191639900208
1747700785.549685,436224,-0.6971202492713928
1747700798.436987,438272,-0.7051371932029724
1747700811.4197407,440320,-0.7175498604774475
1747700824.3772702,442368,-0.6840740442276001
1747700837.3335922,444416,-0.7029656767845154
1747700850.3397808,446464,-0.6889243721961975
1747700863.1284423,448512,-0.7488686442375183
1747700876.0531468,450560,-0.670249879360199
1747700888.979773,452608,-0.7311270236968994
1747700901.9493997,454656,-0.7075889110565186
1747700914.7757308,456704,-0.6860873699188232
1747700927.836643,458752,-0.692330539226532
1747700941.1245744,460800,-0.6637288928031921
1747700953.998534,462848,-0.645601749420166
1747700967.0169196,464896,-0.6990718841552734
1747700980.257161,466944,-0.7039549946784973
1747700993.108137,468992,-0.6853665113449097
1747701006.1324682,471040,-0.6744713187217712
1747701019.4446836,473088,-0.6648848652839661
1747701032.089116,475136,-0.6539217233657837
1747701044.9611573,477184,-0.6915835738182068
1747701057.4837983,479232,-0.6466271877288818
1747701070.3520849,481280,-0.6563400030136108
1747701083.00814,483328,-0.6152562499046326
1747701095.5716639,485376,-0.6820762157440186
1747701108.1764476,487424,-0.7122608423233032
1747701120.6133657,489472,-0.7272506952285767
1747701133.1916993,491520,-0.6619292497634888
1747701145.7685165,493568,-0.6999498605728149
1747701158.5248873,495616,-0.6871212124824524
1747701171.367569,497664,-0.7138880491256714
1747701184.1246016,499712,-0.7270429134368896
1747701197.060649,501760,-0.6999125480651855
1747701209.5884235,503808,-0.6742721796035767
1747701222.2228904,505856,-0.6953330039978027
1747701235.0799403,507904,-0.7196158766746521
1747701248.1483357,509952,-0.6560694575309753
1747701261.1120808,512000,-0.7427801489830017
1747701273.9726744,514048,-0.7128986120223999
1747701286.677877,516096,-0.6878034472465515
1747701299.8498003,518144,-0.7114145755767822
1747701312.9661942,520192,-0.6557191610336304
1747701326.2223,522240,-0.6450203061103821
1747701339.3672125,524288,-0.6696195006370544
1747701352.275615,526336,-0.689815104007721
1747701365.5037036,528384,-0.6570556163787842
1747701378.5327072,530432,-0.567542314529419
1747701391.6955085,532480,-0.670735776424408
1747701404.91431,534528,-0.6866405010223389
1747701418.1758373,536576,-0.660161018371582
1747701431.2996738,538624,-0.6845755577087402
1747701444.413316,540672,-0.6764101386070251
1747701457.5711286,542720,-0.6840266585350037
1747701470.3077493,544768,-0.6857587695121765
1747701482.9458766,546816,-0.6892522573471069
1747701495.7624104,548864,-0.7125669717788696
1747701508.2786732,550912,-0.7238767743110657
1747701521.1230783,552960,-0.6705045104026794
1747701534.0525193,555008,-0.67948317527771
1747701546.8752427,557056,-0.7069945931434631
1747701559.5056942,559104,-0.7251487970352173
1747701572.6363738,561152,-0.7072554230690002
1747701585.8449519,563200,-0.7131096720695496
1747701598.7589743,565248,-0.7413101196289062
1747701611.662333,567296,-0.7010278105735779
1747701625.3658357,569344,-0.7059521079063416
1747701638.936131,571392,-0.7535979747772217
1747701652.4317455,573440,-0.6994856595993042
1747701665.369228,575488,-0.6828923225402832
1747701678.6568701,577536,-0.6872506737709045
1747701691.6548731,579584,-0.7082010507583618
1747701704.7893488,581632,-0.6073618531227112
1747701717.8342109,583680,-0.7072917222976685
1747701730.9643672,585728,-0.6916190981864929
1747701744.1515625,587776,-0.7174299955368042
1747701757.3860402,589824,-0.7206646800041199
1747701770.5708048,591872,-0.7057375907897949
1747701783.6354253,593920,-0.6724677085876465
1747701796.888145,595968,-0.6963373422622681
1747701809.869622,598016,-0.6714417338371277
1747701822.7054832,600064,-0.6902627348899841
1747701835.5398114,602112,-0.6747824549674988
1747701848.8211641,604160,-0.6790439486503601
1747701861.6694136,606208,-0.6439051628112793
1747701874.3236437,608256,-0.6708126664161682
1747701887.377463,610304,-0.7170879244804382
1747701900.333603,612352,-0.7080300450325012
1747701914.0475094,614400,-0.6314014792442322
1747701928.4977183,616448,-0.6918056011199951
1747701943.1578534,618496,-0.6162243485450745
1747701957.1060212,620544,-0.6217817664146423
1747701970.878828,622592,-0.6919999122619629
1747701985.0167377,624640,-0.6826140880584717
1747701999.5834155,626688,-0.6712032556533813
1747702013.3380938,628736,-0.6899312734603882
1747702027.9071908,630784,-0.6960825324058533
1747702041.1028144,632832,-0.6705569624900818
1747702055.9081123,634880,-0.6794235110282898
1747702069.4671905,636928,-0.7194362878799438
1747702083.9030466,638976,-0.70571368932724
1747702099.3331358,641024,-0.693612277507782
1747702116.2343078,643072,-0.6851354837417603
1747702132.0211875,645120,-0.6985885500907898
1747702146.108317,647168,-0.6798948049545288
1747702159.586181,649216,-0.6685764193534851
1747702173.44593,651264,-0.6584165692329407
1747702187.018186,653312,-0.6598625183105469
1747702200.4835446,655360,-0.739766001701355
1747702214.9552479,657408,-0.6902161240577698
1747702229.0969846,659456,-0.6926088929176331
1747702243.2245567,661504,-0.6477439999580383
1747702257.1742992,663552,-0.6864809989929199
1747702271.2172751,665600,-0.6446890234947205
1747702285.1291301,667648,-0.7102969288825989
1747702298.8318272,669696,-0.694430947303772
1747702313.0733185,671744,-0.6843393445014954
1747702328.2142127,673792,-0.6773702502250671
1747702343.186622,675840,-0.6569976210594177
1747702357.8730316,677888,-0.6427237391471863
1747702373.508442,679936,-0.6701863408088684
1747702389.2573,681984,-0.6392539739608765
1747702403.6487436,684032,-0.646202564239502
1747702417.649171,686080,-0.651435136795044
1747702432.5798197,688128,-0.6895216703414917
1747702448.5920544,690176,-0.6799870133399963
1747702466.3073044,692224,-0.6720365881919861
1747702483.7465959,694272,-0.625773549079895
1747702501.179825,696320,-0.5839083194732666
1747702518.753309,698368,-0.6689160466194153
1747702536.7367196,700416,-0.5935245156288147
1747702554.6477807,702464,-0.6930097937583923
1747702572.351204,704512,-0.6567383408546448
1747702590.0073998,706560,-0.6766543388366699
1747702607.4353871,708608,-0.6385142207145691
1747702624.896583,710656,-0.644393801689148
1747702642.1902318,712704,-0.676194429397583
1747702659.1000662,714752,-0.6330147385597229
1747702676.024319,716800,-0.6170614957809448
1747702692.9667473,718848,-0.6265136003494263
1747702709.927083,720896,-0.6486884355545044
1747702727.1174133,722944,-0.6804008483886719
1747702744.6510813,724992,-0.6508397459983826
1747702762.04418,727040,-0.6518109440803528
1747702778.8195045,729088,-0.5686922669410706
1747702795.9088151,731136,-0.665935218334198
1747702813.0447462,733184,-0.6692324280738831
1747702830.3542306,735232,-0.6783786416053772
1747702847.410654,737280,-0.6635450124740601
1747702864.5932853,739328,-0.6776840686798096
1747702881.956101,741376,-0.6363793611526489
1747702899.1102455,743424,-0.6029682755470276
1747702916.1834307,745472,-0.6778028607368469
1747702933.6045542,747520,-0.6589165925979614
1747702951.2177777,749568,-0.5780919194221497
1747702968.9205117,751616,-0.6849774718284607
1747702986.329298,753664,-0.6431716680526733
1747703003.668586,755712,-0.6485697627067566
1747703020.6816022,757760,-0.6621335744857788
1747703037.6397173,759808,-0.629824161529541
1747703054.9524488,761856,-0.661137580871582
1747703071.7512114,763904,-0.6605602502822876
1747703088.8234327,765952,-0.6509072780609131
1747703105.6998546,768000,-0.7167649269104004
1747703122.9428158,770048,-0.6190374493598938
1747703140.1928797,772096,-0.6527878046035767
1747703157.824934,774144,-0.6172957420349121
1747703175.2282856,776192,-0.6254761815071106
1747703192.584018,778240,-0.6082460880279541
1747703209.8771424,780288,-0.5957754850387573
1747703227.5232368,782336,-0.5611419081687927
1747703244.8141942,784384,-0.6044554710388184
1747703262.1011105,786432,-0.641453742980957
1747703279.1303642,788480,-0.6109883189201355
1747703295.905601,790528,-0.5899608135223389
1747703312.9460464,792576,-0.6592835783958435
1747703329.606713,794624,-0.6491542458534241
1747703346.1432204,796672,-0.6198999285697937
1747703362.9450345,798720,-0.6305806040763855
1747703379.86826,800768,-0.5919994711875916
1747703396.7475996,802816,-0.6190345287322998
1747703413.4299638,804864,-0.5900284051895142
1747703430.3117356,806912,-0.6614516973495483
1747703447.030048,808960,-0.6543979644775391
1747703463.8277056,811008,-0.64300936460495
1747703480.901601,813056,-0.6589890718460083
1747703498.18375,815104,-0.6310116648674011
1747703515.0318272,817152,-0.6579053997993469
1747703532.875079,819200,-0.6616066694259644
1747703551.4140203,821248,-0.6367811560630798
1747703568.9277427,823296,-0.63698410987854
1747703586.5770085,825344,-0.6189047694206238
1747703604.063987,827392,-0.6393346786499023
1747703621.6753862,829440,-0.554351806640625
1747703638.7708397,831488,-0.6114680171012878
1747703656.8343186,833536,-0.651769757270813
1747703674.1826136,835584,-0.6123573780059814
1747703691.7647285,837632,-0.6159330010414124
1747703709.0676126,839680,-0.593388557434082
1747703726.3825057,841728,-0.603603720664978
1747703744.0086489,843776,-0.6054760813713074
1747703761.1824286,845824,-0.6057241559028625
1747703778.1306353,847872,-0.6122507452964783
1747703795.3863125,849920,-0.6118821501731873
1747703812.7548063,851968,-0.6234872341156006
1747703830.1324728,854016,-0.6047673225402832
1747703847.3264234,856064,-0.6146330237388611
1747703864.825588,858112,-0.5898858904838562
1747703882.2778165,860160,-0.5494652390480042
1747703899.639339,862208,-0.6396288871765137
1747703917.1177468,864256,-0.6055481433868408
1747703934.7747326,866304,-0.6064428687095642
1747703951.8577073,868352,-0.6369332671165466
1747703969.1603513,870400,-0.613210916519165
1747703986.0500026,872448,-0.632855236530304
1747704002.744614,874496,-0.6482231020927429
1747704019.7756436,876544,-0.5921366810798645
1747704036.997696,878592,-0.6679225564002991
1747704053.78201,880640,-0.6052592992782593
1747704070.7585673,882688,-0.6477696895599365
1747704087.5690758,884736,-0.6659621000289917
1747704104.4096398,886784,-0.6126103401184082
1747704121.3991258,888832,-0.611603856086731
1747704138.4551916,890880,-0.6492169499397278
1747704155.9639237,892928,-0.6310667395591736
1747704173.1852362,894976,-0.6256765127182007
1747704190.4366372,897024,-0.5777158737182617
1747704207.8045094,899072,-0.6081469058990479
1747704225.2600706,901120,-0.6132683157920837
1747704242.760332,903168,-0.633606493473053
1747704260.2630365,905216,-0.6189014315605164
1747704277.607651,907264,-0.6077869534492493
1747704294.7919197,909312,-0.6157347559928894
1747704312.4282372,911360,-0.6519175171852112
1747704330.0428631,913408,-0.6486528515815735
1747704347.4490979,915456,-0.5745114684104919
1747704364.7676055,917504,-0.6186256408691406
1747704382.0651038,919552,-0.5866885781288147
1747704398.9810402,921600,-0.6426767110824585
1747704415.8790333,923648,-0.6281059980392456
1747704432.7117388,925696,-0.6217419505119324
1747704449.7500074,927744,-0.5328189134597778
1747704466.8358796,929792,-0.5822009444236755
1747704483.9222174,931840,-0.5721365809440613
1747704501.27105,933888,-0.5917515754699707
1747704518.4283814,935936,-0.6078064441680908
1747704535.9251585,937984,-0.6161873936653137
1747704553.8435578,940032,-0.5754446387290955
1747704571.387239,942080,-0.6269166469573975
1747704588.7476668,944128,-0.6320720314979553
1747704606.1565752,946176,-0.6244384050369263
1747704623.7846198,948224,-0.619404137134552
1747704640.8335042,950272,-0.592929482460022
1747704658.1811676,952320,-0.5934897661209106
1747704675.5902793,954368,-0.5277494192123413
1747704692.9309494,956416,-0.6605826020240784
1747704714.3825893,958464,-0.5780389904975891
1747704731.7194455,960512,-0.6007692813873291
1747704749.048946,962560,-0.6141182780265808
1747704766.0542026,964608,-0.6127272248268127
1747704782.7732136,966656,-0.5643900632858276
1747704799.6603642,968704,-0.6288459897041321
1747704816.5361843,970752,-0.6106926798820496
1747704833.30048,972800,-0.602234959602356
1747704849.640367,974848,-0.6152601838111877
1747704866.334841,976896,-0.6148245334625244
1747704883.0056758,978944,-0.624969482421875
1747704899.7302487,980992,-0.5877670049667358
1747704916.3548994,983040,-0.6432210803031921
1747704933.2697687,985088,-0.6782052516937256
1747704949.957095,987136,-0.6252557635307312
1747704966.530343,989184,-0.6043408513069153
1747704982.9855604,991232,-0.6051379442214966
1747704999.4700189,993280,-0.6369410753250122
1747705015.6736035,995328,-0.6198039054870605
1747705031.7900963,997376,-0.6039907932281494
1747705048.3801007,999424,-0.6580327749252319
1747705064.5351245,1001472,-0.6346604824066162
1747705080.7988055,1003520,-0.6591160297393799
1747705096.8642995,1005568,-0.6173055171966553
1747705113.0189197,1007616,-0.6308263540267944
1747705129.365851,1009664,-0.5435532927513123
1747705146.2480738,1011712,-0.5738357901573181
1747705162.9877346,1013760,-0.6255000233650208
1747705179.8304996,1015808,-0.6073810458183289
1747705196.800058,1017856,-0.6312654614448547
1747705213.547395,1019904,-0.5919898748397827
1747705230.1607914,1021952,-0.6137308478355408
1747705246.9343069,1024000,-0.6349974274635315
1747705263.5234268,1026048,-0.6103349328041077
1747705279.9655452,1028096,-0.626562774181366
1747705296.5899549,1030144,-0.5127608776092529
1747705312.6702468,1032192,-0.5839705467224121
1747705328.9856937,1034240,-0.5972738862037659
1747705345.2944388,1036288,-0.5409165620803833
1747705361.7389946,1038336,-0.6203139424324036
1747705378.157179,1040384,-0.5302121639251709
1747705394.3203733,1042432,-0.6259384155273438
1747705410.511173,1044480,-0.5388932228088379
1747705426.644526,1046528,-0.6382826566696167
1747705442.9490728,1048576,-0.6052039861679077
1747705459.422038,1050624,-0.5968073606491089
1747705476.4971783,1052672,-0.5374923944473267
1747705492.7706678,1054720,-0.6372668743133545
1747705509.277045,1056768,-0.6261691451072693
1747705525.79839,1058816,-0.5508425235748291
1747705542.5697024,1060864,-0.549376368522644
1747705559.0533237,1062912,-0.6021276116371155
1747705575.3883877,1064960,-0.602871298789978
1747705592.0257275,1067008,-0.6224370002746582
1747705608.5862463,1069056,-0.5831776857376099
1747705625.0446002,1071104,-0.5628296732902527
1747705641.8166435,1073152,-0.592786967754364
1747705658.6991892,1075200,-0.5781545639038086
1747705675.9531965,1077248,-0.47803521156311035
1747705692.885336,1079296,-0.5869126915931702
1747705709.788512,1081344,-0.5100057721138
1747705726.692242,1083392,-0.5957958698272705
1747705743.3798249,1085440,-0.5636889338493347
1747705759.6120057,1087488,-0.5976080298423767
1747705775.9894814,1089536,-0.5803312063217163
1747705792.3773592,1091584,-0.6001744270324707
1747705808.926005,1093632,-0.5508627891540527
1747705825.4031458,1095680,-0.554912269115448
1747705842.2526598,1097728,-0.586982786655426
1747705859.164533,1099776,-0.5402946472167969
1747705875.7105691,1101824,-0.6342440843582153
1747705892.4945343,1103872,-0.5583905577659607
1747705909.3591208,1105920,-0.5507218837738037
1747705926.6073062,1107968,-0.5909565687179565
1747705943.3906972,1110016,-0.5453860759735107
1747705960.288214,1112064,-0.5789899826049805
1747705977.2299294,1114112,-0.6174103021621704
1747705994.114054,1116160,-0.5953181982040405
1747706010.7667599,1118208,-0.5751903653144836
1747706027.4929018,1120256,-0.5744360685348511
1747706044.4367757,1122304,-0.5736482739448547
1747706060.9684432,1124352,-0.5611181855201721
1747706077.8056955,1126400,-0.5445798635482788
1747706094.095975,1128448,-0.5882463455200195
1747706110.3913455,1130496,-0.5718132853507996
1747706126.8794727,1132544,-0.5558565855026245
1747706143.1128504,1134592,-0.6121413111686707
1747706159.3272383,1136640,-0.5462956428527832
1747706176.0135016,1138688,-0.544314444065094
1747706192.8085012,1140736,-0.5893900990486145
1747706209.1615844,1142784,-0.517884373664856
1747706225.9276798,1144832,-0.6178844571113586
1747706243.0899808,1146880,-0.5402902364730835
1747706259.9593608,1148928,-0.5564590096473694
1747706277.108139,1150976,-0.6169995665550232
1747706294.0022423,1153024,-0.5187293887138367
1747706310.9145532,1155072,-0.5900530815124512
1747706327.6328628,1157120,-0.5727556943893433
1747706344.8078394,1159168,-0.5865992307662964
1747706362.0609741,1161216,-0.5162394642829895
1747706378.475395,1163264,-0.5954177379608154
1747706394.5654702,1165312,-0.5973784327507019
1747706410.9214056,1167360,-0.6011713743209839
1747706427.1068544,1169408,-0.5323153138160706
1747706443.6883423,1171456,-0.5408951044082642
1747706459.9523695,1173504,-0.5785189867019653
1747706475.9401023,1175552,-0.5517020225524902
1747706492.7715974,1177600,-0.5734994411468506
1747706509.4585187,1179648,-0.555448055267334
1747706526.1016495,1181696,-0.5268124341964722
1747706542.21415,1183744,-0.5811166167259216
1747706558.4065788,1185792,-0.5405046343803406
1747706575.0036626,1187840,-0.5175288915634155
1747706591.415082,1189888,-0.5432962775230408
1747706607.7280412,1191936,-0.5607939958572388
1747706624.1436954,1193984,-0.5598849654197693
1747706640.4984484,1196032,-0.5770102739334106
1747706656.663879,1198080,-0.5157930850982666
1747706673.2117906,1200128,-0.5134806036949158
1747706689.7756808,1202176,-0.5188342332839966
1747706706.3891277,1204224,-0.5227168202400208
1747706722.666532,1206272,-0.5127664804458618
1747706739.1347525,1208320,-0.5026838183403015
1747706755.6063938,1210368,-0.5099590420722961
1747706771.599179,1212416,-0.49396371841430664
1747706787.6740777,1214464,-0.5087690949440002
1747706803.859298,1216512,-0.5362103581428528
1747706819.8677633,1218560,-0.5385221242904663
1747706835.7115753,1220608,-0.4805371165275574
1747706851.936468,1222656,-0.4918699264526367
1747706868.30685,1224704,-0.5117650032043457
1747706884.5855176,1226752,-0.451068639755249
1747706900.802144,1228800,-0.5527232885360718
1747706917.3519692,1230848,-0.558907151222229
1747706933.962603,1232896,-0.5421180129051208
1747706950.6701581,1234944,-0.5287853479385376
1747706967.2689567,1236992,-0.48439112305641174
1747706984.0892057,1239040,-0.5445459485054016
1747706999.8761272,1241088,-0.5388951897621155
1747707015.8943744,1243136,-0.4837383031845093
1747707032.0008378,1245184,-0.4730018675327301
1747707048.0666523,1247232,-0.5192481875419617
1747707064.1852188,1249280,-0.4874255359172821
1747707079.9158263,1251328,-0.5066888928413391
1747707096.0632873,1253376,-0.5438615083694458
1747707112.4308493,1255424,-0.44933438301086426
1747707128.2472446,1257472,-0.5203841924667358
1747707144.4462519,1259520,-0.5252282619476318
1747707160.0959063,1261568,-0.49269506335258484
1747707176.1476085,1263616,-0.4442748725414276
1747707192.104199,1265664,-0.49681487679481506
1747707208.5844254,1267712,-0.5282736420631409
1747707225.0947933,1269760,-0.4968234896659851
1747707241.6258206,1271808,-0.5272109508514404
1747707258.365209,1273856,-0.497793972492218
1747707275.280407,1275904,-0.5073004364967346
1747707291.529946,1277952,-0.5163952708244324
1747707307.4300478,1280000,-0.5190016627311707
1747707323.509813,1282048,-0.5344865322113037
1747707339.9585872,1284096,-0.5051853060722351
1747707356.1042547,1286144,-0.5254949331283569
1747707372.4699821,1288192,-0.48269811272621155
1747707389.112372,1290240,-0.5294082760810852
1747707405.5061002,1292288,-0.5104977488517761
1747707421.9087129,1294336,-0.4745040535926819
1747707438.3486521,1296384,-0.5218687653541565
1747707454.9738467,1298432,-0.5252038240432739
1747707471.5119104,1300480,-0.45949244499206543
1747707487.7240717,1302528,-0.4765278398990631
1747707503.6506371,1304576,-0.4881022870540619
1747707519.4866645,1306624,-0.5196933150291443
1747707535.491707,1308672,-0.5017912983894348
1747707551.6229265,1310720,-0.5341616272926331
1747707567.8125734,1312768,-0.50348961353302
1747707584.4525378,1314816,-0.506574273109436
1747707601.1366935,1316864,-0.5470378994941711
1747707617.6826303,1318912,-0.5001123547554016
1747707634.316533,1320960,-0.5732678174972534
1747707651.1844137,1323008,-0.4960963726043701
1747707667.0192142,1325056,-0.5176131129264832
1747707683.3046806,1327104,-0.46850499510765076
1747707699.161907,1329152,-0.5291649699211121
1747707715.0818381,1331200,-0.4707079231739044
1747707731.0604897,1333248,-0.5126619935035706
1747707747.3204558,1335296,-0.5441786646842957
1747707762.8437443,1337344,-0.4859151244163513
1747707778.896871,1339392,-0.49309828877449036
1747707794.6067035,1341440,-0.47422075271606445
1747707810.766662,1343488,-0.5320325493812561
1747707826.6387732,1345536,-0.4895746111869812
1747707842.6567333,1347584,-0.5046162009239197
1747707858.7677157,1349632,-0.545337438583374
1747707874.7182364,1351680,-0.5397085547447205
1747707890.889579,1353728,-0.5146986842155457
1747707907.3116453,1355776,-0.4949655830860138
1747707923.6129594,1357824,-0.5021398067474365
1747707939.8165267,1359872,-0.5036845207214355
1747707956.3375463,1361920,-0.5813946723937988
1747707973.0621824,1363968,-0.42808011174201965
1747707989.6094756,1366016,-0.45536935329437256
1747708005.81602,1368064,-0.49117016792297363
1747708022.5038278,1370112,-0.5065596103668213
1747708039.181912,1372160,-0.5204119682312012
1747708055.9570324,1374208,-0.48571887612342834
1747708072.4716249,1376256,-0.5011172890663147
1747708089.4728737,1378304,-0.5175875425338745
1747708106.2924387,1380352,-0.5153626203536987
1747708122.2303808,1382400,-0.5052884221076965
1747708138.4476411,1384448,-0.5491645336151123
1747708156.08805,1386496,-0.4531547725200653
1747708173.9523697,1388544,-0.5057615041732788
1747708191.2305872,1390592,-0.4873756468296051
1747708207.511629,1392640,-0.5856935977935791
1747708224.3096101,1394688,-0.547574520111084
1747708241.10654,1396736,-0.47201481461524963
1747708257.633682,1398784,-0.47602882981300354
1747708273.6585715,1400832,-0.5168432593345642
1747708290.0040214,1402880,-0.5010389685630798
1747708306.3743417,1404928,-0.5152857899665833
1747708322.2503026,1406976,-0.496553897857666
1747708338.6348455,1409024,-0.44872328639030457
1747708354.656305,1411072,-0.4856215715408325
1747708370.3867402,1413120,-0.5248923301696777
1747708386.2643416,1415168,-0.478046715259552
1747708402.6935763,1417216,-0.5180650949478149
1747708419.2054505,1419264,-0.5555360317230225
1747708435.0209558,1421312,-0.4532420039176941
1747708451.0034647,1423360,-0.5333387851715088
1747708467.5895743,1425408,-0.5107662677764893
1747708483.9087603,1427456,-0.5557746291160583
1747708499.701072,1429504,-0.4116136431694031
1747708515.4773521,1431552,-0.5434485077857971
1747708531.3896823,1433600,-0.5250900983810425
1747708547.2535503,1435648,-0.5107499361038208
1747708563.8523178,1437696,-0.4685623049736023
1747708580.4938557,1439744,-0.4985298812389374
1747708596.6380079,1441792,-0.5338176488876343
1747708613.1707096,1443840,-0.5637118816375732
1747708629.6340363,1445888,-0.4272111654281616
1747708646.3044965,1447936,-0.5005791187286377
1747708663.0453691,1449984,-0.5514331459999084
1747708679.8306696,1452032,-0.4378635883331299
1747708696.4721365,1454080,-0.45473214983940125
1747708713.2646081,1456128,-0.5301100611686707
1747708729.7189062,1458176,-0.4299689531326294
1747708745.8334403,1460224,-0.5200623869895935
1747708761.6085777,1462272,-0.4809678792953491
1747708777.2989435,1464320,-0.5022329092025757
1747708793.404783,1466368,-0.4877418279647827
1747708809.2024348,1468416,-0.44858458638191223
1747708825.14275,1470464,-0.4550480544567108
1747708841.008761,1472512,-0.477080762386322
1747708856.9366684,1474560,-0.42867961525917053
1747708872.6421165,1476608,-0.4514490067958832
1747708888.5297806,1478656,-0.5146582722663879
1747708904.333778,1480704,-0.4967631697654724
1747708920.335272,1482752,-0.4560752809047699
1747708936.5755656,1484800,-0.4273906648159027
1747708953.691843,1486848,-0.4296052157878876
1747708970.1480768,1488896,-0.4830654263496399
1747708986.556583,1490944,-0.44470587372779846
1747709002.9063578,1492992,-0.4328114986419678
1747709019.5626776,1495040,-0.5199175477027893
1747709036.088248,1497088,-0.4721594452857971
1747709052.4917307,1499136,-0.4564402103424072
1747709069.144019,1501184,-0.464083194732666
1747709085.4555893,1503232,-0.4229469299316406
1747709101.313902,1505280,-0.4164401590824127
1747709116.9994614,1507328,-0.4359796941280365
1747709133.3914146,1509376,-0.40763160586357117
1747709150.2809517,1511424,-0.4256737232208252
1747709166.400947,1513472,-0.439814031124115
1747709182.468873,1515520,-0.4593900740146637
1747709198.8365042,1517568,-0.47328075766563416
1747709214.9613473,1519616,-0.4858594238758087
1747709231.1404634,1521664,-0.48157474398612976
1747709246.9479618,1523712,-0.5372320413589478
1747709263.0187538,1525760,-0.424319863319397
1747709279.4443078,1527808,-0.4326889216899872
1747709295.8781092,1529856,-0.46183016896247864
1747709311.924367,1531904,-0.3713472783565521
1747709328.5109658,1533952,-0.42693787813186646
1747709345.3605833,1536000,-0.4941039979457855
1747709361.931514,1538048,-0.46418702602386475
1747709378.7886605,1540096,-0.514354944229126
1747709395.1582558,1542144,-0.4358918070793152
1747709411.9663122,1544192,-0.4503389298915863
1747709428.2631645,1546240,-0.42823314666748047
1747709444.956127,1548288,-0.3241279721260071
1747709461.329828,1550336,-0.45407700538635254
1747709477.0593936,1552384,-0.41724422574043274
1747709493.0513244,1554432,-0.46096014976501465
1747709509.0877964,1556480,-0.43409809470176697
1747709524.9058158,1558528,-0.4595229923725128
1747709540.8723826,1560576,-0.44603675603866577
1747709556.8247626,1562624,-0.3973841965198517
1747709572.5703266,1564672,-0.5032360553741455
1747709588.7265031,1566720,-0.431350976228714
1747709605.0683389,1568768,-0.4426855444908142
1747709621.5090153,1570816,-0.42885491251945496
1747709637.8044474,1572864,-0.40809956192970276
1747709654.0439494,1574912,-0.5670657157897949
1747709670.7579343,1576960,-0.4749596118927002
1747709687.0975187,1579008,-0.46982911229133606
1747709703.2393582,1581056,-0.42534202337265015
1747709719.744541,1583104,-0.4305611848831177
1747709736.6429913,1585152,-0.43091949820518494
1747709753.2087734,1587200,-0.4127529561519623
1747709770.0878801,1589248,-0.4374232888221741
1747709786.5555341,1591296,-0.44623830914497375
1747709802.920135,1593344,-0.43902823328971863
1747709818.918058,1595392,-0.4702981412410736
1747709835.5529447,1597440,-0.4683375060558319
1747709851.9746747,1599488,-0.4506363868713379
1747709867.9058514,1601536,-0.4121353030204773
1747709884.083247,1603584,-0.430649995803833
1747709900.1910155,1605632,-0.410586953163147
1747709915.9479845,1607680,-0.37501776218414307
1747709931.586088,1609728,-0.4695296883583069
1747709947.4447455,1611776,-0.39753827452659607
1747709963.7350523,1613824,-0.46035465598106384
1747709980.116889,1615872,-0.35738256573677063
1747709996.769625,1617920,-0.39926615357398987
1747710014.1562388,1619968,-0.407402902841568
1747710031.3333297,1622016,-0.41380688548088074
1747710047.7584796,1624064,-0.4163344204425812
1747710064.0881088,1626112,-0.5580453872680664
1747710080.5660498,1628160,-0.41525641083717346
1747710096.93705,1630208,-0.39673638343811035
1747710113.378324,1632256,-0.468967467546463
1747710129.8519535,1634304,-0.40413668751716614
1747710146.8869174,1636352,-0.3501003682613373
1747710164.2657115,1638400,-0.47524741291999817
1747710180.3523595,1640448,-0.3893701434135437
1747710196.3007941,1642496,-0.46220430731773376
1747710212.3646836,1644544,-0.4196240305900574
1747710228.0630925,1646592,-0.4761905074119568
1747710243.7458766,1648640,-0.4105427861213684
1747710259.7582846,1650688,-0.38966208696365356
1747710275.5810719,1652736,-0.47519171237945557
1747710291.639307,1654784,-0.39512571692466736
1747710307.871442,1656832,-0.3629674017429352
1747710324.6315587,1658880,-0.3719639778137207
1747710340.863417,1660928,-0.3744819462299347
1747710357.2157366,1662976,-0.44859007000923157
1747710373.674044,1665024,-0.3826974034309387
1747710390.0453975,1667072,-0.4223972260951996
1747710406.3044603,1669120,-0.4344940781593323
1747710422.6499937,1671168,-0.34891489148139954
1747710439.1560407,1673216,-0.3891291618347168
1747710455.5209398,1675264,-0.44578075408935547
1747710471.6230667,1677312,-0.4045655131340027
1747710488.301044,1679360,-0.37558120489120483
1747710504.5265548,1681408,-0.42860767245292664
1747710520.8596256,1683456,-0.36277469992637634
1747710536.9606774,1685504,-0.3735998272895813
1747710552.8914194,1687552,-0.43339043855667114
1747710569.0654469,1689600,-0.34544268250465393
1747710584.5980773,1691648,-0.4199163615703583
1747710600.7304802,1693696,-0.36956721544265747
1747710616.7192895,1695744,-0.5210332274436951
1747710632.591883,1697792,-0.3384186327457428
1747710648.5755582,1699840,-0.3338591754436493
1747710664.4323967,1701888,-0.3554632365703583
1747710680.7414806,1703936,-0.35847631096839905
1747710697.0143127,1705984,-0.3649480640888214
1747710713.5677896,1708032,-0.3834225535392761
1747710730.1250973,1710080,-0.36395809054374695
1747710746.7092361,1712128,-0.38513442873954773
1747710763.1651137,1714176,-0.35917380452156067
1747710779.8484566,1716224,-0.3670862317085266
1747710796.2088573,1718272,-0.44431599974632263
1747710812.8418002,1720320,-0.3868686854839325
1747710829.1816466,1722368,-0.3716466724872589
1747710846.0099256,1724416,-0.49279874563217163
1747710863.1337426,1726464,-0.4745306074619293
1747710880.174536,1728512,-0.39432260394096375
1747710896.672828,1730560,-0.36353832483291626
1747710913.7408226,1732608,-0.3574505150318146
1747710930.6545577,1734656,-0.46250733733177185
1747710948.120442,1736704,-0.3708164393901825
1747710965.6573064,1738752,-0.3622575104236603
1747710982.0927658,1740800,-0.3692159056663513
1747710998.5398297,1742848,-0.3676520586013794
1747711014.7317107,1744896,-0.3110491931438446
1747711031.0760787,1746944,-0.4725874066352844
1747711047.7610495,1748992,-0.4375724494457245
1747711064.4406593,1751040,-0.4249858558177948
1747711080.6303368,1753088,-0.4498635530471802
1747711096.6893327,1755136,-0.35748767852783203
1747711112.4744604,1757184,-0.3680627644062042
1747711128.1140075,1759232,-0.371333509683609
1747711144.396088,1761280,-0.36411651968955994
1747711160.7051816,1763328,-0.3654187023639679
1747711176.6043582,1765376,-0.3987154960632324
1747711192.4557512,1767424,-0.38341963291168213
1747711208.4998815,1769472,-0.3473217487335205
1747711224.582302,1771520,-0.3784579634666443
1747711240.5171762,1773568,-0.36059048771858215
1747711256.414834,1775616,-0.4533958435058594
1747711273.3907702,1777664,-0.36880186200141907
1747711289.8294244,1779712,-0.366848349571228
1747711306.0260172,1781760,-0.3643786609172821
1747711322.5072947,1783808,-0.34548771381378174
1747711338.9740846,1785856,-0.35414302349090576
1747711355.5387948,1787904,-0.3465428650379181
1747711372.2678635,1789952,-0.43493297696113586
1747711388.9319093,1792000,-0.36445221304893494
1747711405.5308118,1794048,-0.34392285346984863
1747711422.0863092,1796096,-0.35258933901786804
1747711438.8397295,1798144,-0.4006689190864563
1747711455.3791368,1800192,-0.5123365521430969
1747711471.9898505,1802240,-0.3769459128379822
1747711488.534529,1804288,-0.35984352231025696
1747711504.6484725,1806336,-0.3722817599773407
1747711520.9200652,1808384,-0.36069944500923157
1747711537.30737,1810432,-0.3585784137248993
1747711553.378421,1812480,-0.45088857412338257
1747711569.3636327,1814528,-0.37986496090888977
1747711585.5454772,1816576,-0.43380504846572876
1747711601.560403,1818624,-0.31574350595474243
1747711617.6227381,1820672,-0.33958542346954346
1747711633.8486304,1822720,-0.43614429235458374
1747711650.7900949,1824768,-0.3613121509552002
1747711667.2701452,1826816,-0.4288780391216278
1747711684.0208216,1828864,-0.3243583142757416
1747711700.490189,1830912,-0.35417062044143677
1747711717.2106502,1832960,-0.3388604521751404
1747711733.5519288,1835008,-0.33829206228256226
1747711750.202773,1837056,-0.37587112188339233
1747711767.12552,1839104,-0.3746078610420227
1747711783.901302,1841152,-0.3371516764163971
1747711799.9899166,1843200,-0.4486761689186096
1747711817.0543876,1845248,-0.4223036766052246
1747711833.357524,1847296,-0.32154539227485657
1747711849.5913396,1849344,-0.3482559621334076
1747711865.7451622,1851392,-0.351993590593338
1747711882.2747126,1853440,-0.3182680904865265
1747711898.6679606,1855488,-0.3180095851421356
1747711915.3900406,1857536,-0.3344891369342804
1747711931.319758,1859584,-0.3833434283733368
1747711947.6131198,1861632,-0.43531641364097595
1747711964.1516516,1863680,-0.32938188314437866
1747711980.7507508,1865728,-0.4200364351272583
1747711997.5287907,1867776,-0.428435355424881
1747712014.4566202,1869824,-0.4175267219543457
1747712031.145835,1871872,-0.3234792649745941
1747712046.9561353,1873920,-0.3600391447544098
1747712063.5498006,1875968,-0.33744359016418457
1747712079.7745934,1878016,-0.32961368560791016
1747712095.62007,1880064,-0.40661272406578064
1747712111.551539,1882112,-0.32214975357055664
1747712127.8177083,1884160,-0.35220474004745483
1747712143.6724024,1886208,-0.35200321674346924
1747712159.5718503,1888256,-0.34492743015289307
1747712175.6197553,1890304,-0.3137793242931366
1747712192.1181078,1892352,-0.348370224237442
1747712208.5750122,1894400,-0.3263229429721832
1747712224.8249135,1896448,-0.39969536662101746
1747712241.0478482,1898496,-0.36570048332214355
1747712257.984332,1900544,-0.37253427505493164
1747712274.0095718,1902592,-0.3427516222000122
1747712289.9111054,1904640,-0.32661834359169006
1747712306.1217852,1906688,-0.35527750849723816
1747712322.1069977,1908736,-0.3519791066646576
1747712338.6555479,1910784,-0.3197704553604126
1747712355.4854405,1912832,-0.32145869731903076
1747712371.8675244,1914880,-0.39056822657585144
1747712388.4183528,1916928,-0.3095748722553253
1747712404.8615735,1918976,-0.33298972249031067
1747712421.5328913,1921024,-0.3368607461452484
1747712438.2553248,1923072,-0.38749319314956665
1747712454.4820914,1925120,-0.3934461176395416
1747712470.9265218,1927168,-0.31604519486427307
1747712487.7128937,1929216,-0.40213537216186523
1747712503.944567,1931264,-0.2780580520629883
1747712520.7179844,1933312,-0.33706092834472656
1747712537.1258743,1935360,-0.3462789058685303
1747712553.0238383,1937408,-0.4142394959926605
1747712569.3507297,1939456,-0.3783976137638092
1747712585.624526,1941504,-0.34659844636917114
1747712601.381178,1943552,-0.3401750326156616
1747712617.2117512,1945600,-0.4040285050868988
1747712633.2894862,1947648,-0.3759690821170807
1747712649.4752848,1949696,-0.31323692202568054
1747712665.860302,1951744,-0.37325456738471985
1747712682.2953613,1953792,-0.33539915084838867
1747712698.620004,1955840,-0.3823363482952118
1747712715.3295743,1957888,-0.37897464632987976
1747712731.6579466,1959936,-0.4383288323879242
1747712747.7073128,1961984,-0.4214564859867096
1747712763.9089925,1964032,-0.3412865996360779
1747712780.0498135,1966080,-0.3787377178668976
1747712796.389127,1968128,-0.35646626353263855
1747712812.8820164,1970176,-0.38928017020225525
1747712829.3238945,1972224,-0.440792441368103
1747712845.927199,1974272,-0.4056728482246399
1747712862.5722191,1976320,-0.3427354097366333
1747712879.0816944,1978368,-0.3931260108947754
1747712895.6525705,1980416,-0.44362297654151917
1747712912.134213,1982464,-0.31221410632133484
1747712928.8670135,1984512,-0.2708066403865814
1747712945.7408924,1986560,-0.4357750415802002
1747712962.276126,1988608,-0.431897908449173
1747712978.5669582,1990656,-0.33871275186538696
1747712994.4513278,1992704,-0.4116831421852112
1747713010.538371,1994752,-0.3263106346130371
1747713026.694649,1996800,-0.4084891378879547
1747713043.0480068,1998848,-0.301278680562973
1747713059.192006,2000896,-0.31071871519088745
